Year,Week,Age,Value,Value_Covid,Value_Covid_total
2015,1,0-34,200.0,,
2015,1,35-59,1637.0,,
2015,1,60-79,6665.0,,
2015,1,80+,10211.0,,
2015,2,0-34,209.0,,
2015,2,35-59,1668.0,,
2015,2,60-79,6754.0,,
2015,2,80+,10652.0,,
2015,3,0-34,195.0,,
2015,3,35-59,1587.0,,
2015,3,60-79,6910.0,,
2015,3,80+,10808.0,,
2015,4,0-34,190.0,,
2015,4,35-59,1619.0,,
2015,4,60-79,6846.0,,
2015,4,80+,10691.0,,
2015,5,0-34,209.0,,
2015,5,35-59,1695.0,,
2015,5,60-79,7228.0,,
2015,5,80+,11584.0,,
2015,6,0-34,228.0,,
2015,6,35-59,1741.0,,
2015,6,60-79,7140.0,,
2015,6,80+,11796.0,,
2015,7,0-34,224.0,,
2015,7,35-59,1670.0,,
2015,7,60-79,7722.0,,
2015,7,80+,12779.0,,
2015,8,0-34,214.0,,
2015,8,35-59,1764.0,,
2015,8,60-79,7829.0,,
2015,8,80+,13457.0,,
2015,9,0-34,211.0,,
2015,9,35-59,1767.0,,
2015,9,60-79,7991.0,,
2015,9,80+,13629.0,,
2015,10,0-34,222.0,,
2015,10,35-59,1774.0,,
2015,10,60-79,7500.0,,
2015,10,80+,12506.0,,
2015,11,0-34,198.0,,
2015,11,35-59,1623.0,,
2015,11,60-79,7087.0,,
2015,11,80+,11862.0,,
2015,12,0-34,238.0,,
2015,12,35-59,1764.0,,
2015,12,60-79,6923.0,,
2015,12,80+,11084.0,,
2015,13,0-34,220.0,,
2015,13,35-59,1580.0,,
2015,13,60-79,6687.0,,
2015,13,80+,10619.0,,
2015,14,0-34,213.0,,
2015,14,35-59,1625.0,,
2015,14,60-79,6667.0,,
2015,14,80+,10163.0,,
2015,15,0-34,202.0,,
2015,15,35-59,1606.0,,
2015,15,60-79,6508.0,,
2015,15,80+,9773.0,,
2015,16,0-34,193.0,,
2015,16,35-59,1594.0,,
2015,16,60-79,6602.0,,
2015,16,80+,9727.0,,
2015,17,0-34,246.0,,
2015,17,35-59,1606.0,,
2015,17,60-79,6308.0,,
2015,17,80+,9508.0,,
2015,18,0-34,210.0,,
2015,18,35-59,1478.0,,
2015,18,60-79,6283.0,,
2015,18,80+,9143.0,,
2015,19,0-34,205.0,,
2015,19,35-59,1601.0,,
2015,19,60-79,6234.0,,
2015,19,80+,9032.0,,
2015,20,0-34,220.0,,
2015,20,35-59,1608.0,,
2015,20,60-79,6157.0,,
2015,20,80+,8747.0,,
2015,21,0-34,193.0,,
2015,21,35-59,1548.0,,
2015,21,60-79,6004.0,,
2015,21,80+,8585.0,,
2015,22,0-34,187.0,,
2015,22,35-59,1556.0,,
2015,22,60-79,6021.0,,
2015,22,80+,8436.0,,
2015,23,0-34,219.0,,
2015,23,35-59,1579.0,,
2015,23,60-79,6162.0,,
2015,23,80+,8817.0,,
2015,24,0-34,209.0,,
2015,24,35-59,1566.0,,
2015,24,60-79,6033.0,,
2015,24,80+,8464.0,,
2015,25,0-34,209.0,,
2015,25,35-59,1513.0,,
2015,25,60-79,5780.0,,
2015,25,80+,8117.0,,
2015,26,0-34,218.0,,
2015,26,35-59,1506.0,,
2015,26,60-79,6113.0,,
2015,26,80+,8315.0,,
2015,27,0-34,233.0,,
2015,27,35-59,1736.0,,
2015,27,60-79,6869.0,,
2015,27,80+,10414.0,,
2015,28,0-34,218.0,,
2015,28,35-59,1631.0,,
2015,28,60-79,6329.0,,
2015,28,80+,9183.0,,
2015,29,0-34,197.0,,
2015,29,35-59,1600.0,,
2015,29,60-79,6027.0,,
2015,29,80+,8623.0,,
2015,30,0-34,200.0,,
2015,30,35-59,1484.0,,
2015,30,60-79,6021.0,,
2015,30,80+,8567.0,,
2015,31,0-34,198.0,,
2015,31,35-59,1438.0,,
2015,31,60-79,5733.0,,
2015,31,80+,8063.0,,
2015,32,0-34,199.0,,
2015,32,35-59,1535.0,,
2015,32,60-79,6147.0,,
2015,32,80+,8770.0,,
2015,33,0-34,221.0,,
2015,33,35-59,1493.0,,
2015,33,60-79,6124.0,,
2015,33,80+,9043.0,,
2015,34,0-34,211.0,,
2015,34,35-59,1531.0,,
2015,34,60-79,5543.0,,
2015,34,80+,7948.0,,
2015,35,0-34,210.0,,
2015,35,35-59,1434.0,,
2015,35,60-79,5893.0,,
2015,35,80+,8580.0,,
2015,36,0-34,174.0,,
2015,36,35-59,1480.0,,
2015,36,60-79,5751.0,,
2015,36,80+,8249.0,,
2015,37,0-34,204.0,,
2015,37,35-59,1549.0,,
2015,37,60-79,5883.0,,
2015,37,80+,8316.0,,
2015,38,0-34,205.0,,
2015,38,35-59,1507.0,,
2015,38,60-79,5822.0,,
2015,38,80+,8500.0,,
2015,39,0-34,208.0,,
2015,39,35-59,1453.0,,
2015,39,60-79,5692.0,,
2015,39,80+,8314.0,,
2015,40,0-34,168.0,,
2015,40,35-59,1627.0,,
2015,40,60-79,5997.0,,
2015,40,80+,8637.0,,
2015,41,0-34,212.0,,
2015,41,35-59,1512.0,,
2015,41,60-79,6160.0,,
2015,41,80+,8892.0,,
2015,42,0-34,223.0,,
2015,42,35-59,1543.0,,
2015,42,60-79,6075.0,,
2015,42,80+,9007.0,,
2015,43,0-34,206.0,,
2015,43,35-59,1569.0,,
2015,43,60-79,6193.0,,
2015,43,80+,9373.0,,
2015,44,0-34,209.0,,
2015,44,35-59,1530.0,,
2015,44,60-79,6051.0,,
2015,44,80+,9005.0,,
2015,45,0-34,206.0,,
2015,45,35-59,1503.0,,
2015,45,60-79,6223.0,,
2015,45,80+,9092.0,,
2015,46,0-34,205.0,,
2015,46,35-59,1533.0,,
2015,46,60-79,5926.0,,
2015,46,80+,8954.0,,
2015,47,0-34,203.0,,
2015,47,35-59,1455.0,,
2015,47,60-79,6170.0,,
2015,47,80+,9021.0,,
2015,48,0-34,196.0,,
2015,48,35-59,1544.0,,
2015,48,60-79,6124.0,,
2015,48,80+,8938.0,,
2015,49,0-34,210.0,,
2015,49,35-59,1519.0,,
2015,49,60-79,6175.0,,
2015,49,80+,9105.0,,
2015,50,0-34,186.0,,
2015,50,35-59,1545.0,,
2015,50,60-79,6150.0,,
2015,50,80+,9173.0,,
2015,51,0-34,209.0,,
2015,51,35-59,1512.0,,
2015,51,60-79,6322.0,,
2015,51,80+,9365.0,,
2015,52,0-34,185.0,,
2015,52,35-59,1555.0,,
2015,52,60-79,6087.0,,
2015,52,80+,9349.0,,
2015,53,0-34,223.0,,
2015,53,35-59,1546.0,,
2015,53,60-79,6121.0,,
2015,53,80+,9320.0,,
2016,1,0-34,199.0,,
2016,1,35-59,1675.0,,
2016,1,60-79,6619.0,,
2016,1,80+,9974.0,,
2016,2,0-34,204.0,,
2016,2,35-59,1658.0,,
2016,2,60-79,6510.0,,
2016,2,80+,10067.0,,
2016,3,0-34,182.0,,
2016,3,35-59,1598.0,,
2016,3,60-79,6639.0,,
2016,3,80+,10208.0,,
2016,4,0-34,218.0,,
2016,4,35-59,1628.0,,
2016,4,60-79,6682.0,,
2016,4,80+,10179.0,,
2016,5,0-34,227.0,,
2016,5,35-59,1631.0,,
2016,5,60-79,6672.0,,
2016,5,80+,9963.0,,
2016,6,0-34,217.0,,
2016,6,35-59,1727.0,,
2016,6,60-79,6533.0,,
2016,6,80+,10064.0,,
2016,7,0-34,213.0,,
2016,7,35-59,1622.0,,
2016,7,60-79,6662.0,,
2016,7,80+,9986.0,,
2016,8,0-34,202.0,,
2016,8,35-59,1631.0,,
2016,8,60-79,6616.0,,
2016,8,80+,10026.0,,
2016,9,0-34,207.0,,
2016,9,35-59,1610.0,,
2016,9,60-79,6846.0,,
2016,9,80+,10263.0,,
2016,10,0-34,193.0,,
2016,10,35-59,1720.0,,
2016,10,60-79,6750.0,,
2016,10,80+,10225.0,,
2016,11,0-34,230.0,,
2016,11,35-59,1676.0,,
2016,11,60-79,6800.0,,
2016,11,80+,10265.0,,
2016,12,0-34,224.0,,
2016,12,35-59,1644.0,,
2016,12,60-79,6812.0,,
2016,12,80+,10146.0,,
2016,13,0-34,243.0,,
2016,13,35-59,1668.0,,
2016,13,60-79,6700.0,,
2016,13,80+,10006.0,,
2016,14,0-34,189.0,,
2016,14,35-59,1619.0,,
2016,14,60-79,6530.0,,
2016,14,80+,9906.0,,
2016,15,0-34,188.0,,
2016,15,35-59,1589.0,,
2016,15,60-79,6513.0,,
2016,15,80+,9422.0,,
2016,16,0-34,191.0,,
2016,16,35-59,1566.0,,
2016,16,60-79,6047.0,,
2016,16,80+,8971.0,,
2016,17,0-34,193.0,,
2016,17,35-59,1474.0,,
2016,17,60-79,6164.0,,
2016,17,80+,9222.0,,
2016,18,0-34,208.0,,
2016,18,35-59,1535.0,,
2016,18,60-79,6014.0,,
2016,18,80+,9144.0,,
2016,19,0-34,210.0,,
2016,19,35-59,1657.0,,
2016,19,60-79,6221.0,,
2016,19,80+,9541.0,,
2016,20,0-34,206.0,,
2016,20,35-59,1479.0,,
2016,20,60-79,5954.0,,
2016,20,80+,8962.0,,
2016,21,0-34,208.0,,
2016,21,35-59,1463.0,,
2016,21,60-79,5792.0,,
2016,21,80+,8823.0,,
2016,22,0-34,190.0,,
2016,22,35-59,1535.0,,
2016,22,60-79,5917.0,,
2016,22,80+,8704.0,,
2016,23,0-34,221.0,,
2016,23,35-59,1515.0,,
2016,23,60-79,5692.0,,
2016,23,80+,8371.0,,
2016,24,0-34,184.0,,
2016,24,35-59,1428.0,,
2016,24,60-79,5774.0,,
2016,24,80+,8331.0,,
2016,25,0-34,188.0,,
2016,25,35-59,1621.0,,
2016,25,60-79,6247.0,,
2016,25,80+,8854.0,,
2016,26,0-34,226.0,,
2016,26,35-59,1417.0,,
2016,26,60-79,5716.0,,
2016,26,80+,8340.0,,
2016,27,0-34,210.0,,
2016,27,35-59,1594.0,,
2016,27,60-79,5937.0,,
2016,27,80+,8488.0,,
2016,28,0-34,202.0,,
2016,28,35-59,1468.0,,
2016,28,60-79,5795.0,,
2016,28,80+,8707.0,,
2016,29,0-34,229.0,,
2016,29,35-59,1566.0,,
2016,29,60-79,6110.0,,
2016,29,80+,9080.0,,
2016,30,0-34,212.0,,
2016,30,35-59,1456.0,,
2016,30,60-79,5861.0,,
2016,30,80+,8628.0,,
2016,31,0-34,206.0,,
2016,31,35-59,1414.0,,
2016,31,60-79,5538.0,,
2016,31,80+,8281.0,,
2016,32,0-34,197.0,,
2016,32,35-59,1464.0,,
2016,32,60-79,5704.0,,
2016,32,80+,8122.0,,
2016,33,0-34,198.0,,
2016,33,35-59,1499.0,,
2016,33,60-79,5805.0,,
2016,33,80+,8756.0,,
2016,34,0-34,218.0,,
2016,34,35-59,1503.0,,
2016,34,60-79,6129.0,,
2016,34,80+,9297.0,,
2016,35,0-34,217.0,,
2016,35,35-59,1463.0,,
2016,35,60-79,5916.0,,
2016,35,80+,8505.0,,
2016,36,0-34,213.0,,
2016,36,35-59,1516.0,,
2016,36,60-79,5703.0,,
2016,36,80+,8684.0,,
2016,37,0-34,212.0,,
2016,37,35-59,1503.0,,
2016,37,60-79,5813.0,,
2016,37,80+,8844.0,,
2016,38,0-34,198.0,,
2016,38,35-59,1415.0,,
2016,38,60-79,5640.0,,
2016,38,80+,8353.0,,
2016,39,0-34,209.0,,
2016,39,35-59,1519.0,,
2016,39,60-79,5825.0,,
2016,39,80+,8783.0,,
2016,40,0-34,209.0,,
2016,40,35-59,1566.0,,
2016,40,60-79,5853.0,,
2016,40,80+,8724.0,,
2016,41,0-34,240.0,,
2016,41,35-59,1532.0,,
2016,41,60-79,6146.0,,
2016,41,80+,9509.0,,
2016,42,0-34,210.0,,
2016,42,35-59,1529.0,,
2016,42,60-79,6225.0,,
2016,42,80+,9635.0,,
2016,43,0-34,192.0,,
2016,43,35-59,1558.0,,
2016,43,60-79,6185.0,,
2016,43,80+,9651.0,,
2016,44,0-34,214.0,,
2016,44,35-59,1535.0,,
2016,44,60-79,6164.0,,
2016,44,80+,9667.0,,
2016,45,0-34,213.0,,
2016,45,35-59,1522.0,,
2016,45,60-79,6285.0,,
2016,45,80+,9762.0,,
2016,46,0-34,233.0,,
2016,46,35-59,1525.0,,
2016,46,60-79,6512.0,,
2016,46,80+,10321.0,,
2016,47,0-34,190.0,,
2016,47,35-59,1508.0,,
2016,47,60-79,6209.0,,
2016,47,80+,10004.0,,
2016,48,0-34,196.0,,
2016,48,35-59,1662.0,,
2016,48,60-79,6258.0,,
2016,48,80+,10030.0,,
2016,49,0-34,203.0,,
2016,49,35-59,1605.0,,
2016,49,60-79,6545.0,,
2016,49,80+,10440.0,,
2016,50,0-34,211.0,,
2016,50,35-59,1520.0,,
2016,50,60-79,6646.0,,
2016,50,80+,10508.0,,
2016,51,0-34,191.0,,
2016,51,35-59,1572.0,,
2016,51,60-79,6808.0,,
2016,51,80+,10805.0,,
2016,52,0-34,207.0,,
2016,52,35-59,1532.0,,
2016,52,60-79,6776.0,,
2016,52,80+,11229.0,,
2017,1,0-34,207.0,,
2017,1,35-59,1702.0,,
2017,1,60-79,7039.0,,
2017,1,80+,11970.0,,
2017,2,0-34,235.0,,
2017,2,35-59,1661.0,,
2017,2,60-79,7376.0,,
2017,2,80+,12798.0,,
2017,3,0-34,204.0,,
2017,3,35-59,1619.0,,
2017,3,60-79,7207.0,,
2017,3,80+,12206.0,,
2017,4,0-34,227.0,,
2017,4,35-59,1558.0,,
2017,4,60-79,7282.0,,
2017,4,80+,13016.0,,
2017,5,0-34,200.0,,
2017,5,35-59,1741.0,,
2017,5,60-79,7791.0,,
2017,5,80+,13908.0,,
2017,6,0-34,198.0,,
2017,6,35-59,1678.0,,
2017,6,60-79,7498.0,,
2017,6,80+,13370.0,,
2017,7,0-34,199.0,,
2017,7,35-59,1685.0,,
2017,7,60-79,7522.0,,
2017,7,80+,13277.0,,
2017,8,0-34,234.0,,
2017,8,35-59,1626.0,,
2017,8,60-79,7380.0,,
2017,8,80+,13026.0,,
2017,9,0-34,217.0,,
2017,9,35-59,1601.0,,
2017,9,60-79,6961.0,,
2017,9,80+,12151.0,,
2017,10,0-34,212.0,,
2017,10,35-59,1580.0,,
2017,10,60-79,6505.0,,
2017,10,80+,10805.0,,
2017,11,0-34,220.0,,
2017,11,35-59,1548.0,,
2017,11,60-79,6507.0,,
2017,11,80+,10390.0,,
2017,12,0-34,194.0,,
2017,12,35-59,1515.0,,
2017,12,60-79,6187.0,,
2017,12,80+,9744.0,,
2017,13,0-34,196.0,,
2017,13,35-59,1521.0,,
2017,13,60-79,6174.0,,
2017,13,80+,9840.0,,
2017,14,0-34,208.0,,
2017,14,35-59,1450.0,,
2017,14,60-79,6066.0,,
2017,14,80+,9304.0,,
2017,15,0-34,201.0,,
2017,15,35-59,1520.0,,
2017,15,60-79,5976.0,,
2017,15,80+,9204.0,,
2017,16,0-34,222.0,,
2017,16,35-59,1418.0,,
2017,16,60-79,5973.0,,
2017,16,80+,9024.0,,
2017,17,0-34,207.0,,
2017,17,35-59,1560.0,,
2017,17,60-79,6305.0,,
2017,17,80+,9562.0,,
2017,18,0-34,195.0,,
2017,18,35-59,1533.0,,
2017,18,60-79,6107.0,,
2017,18,80+,9294.0,,
2017,19,0-34,189.0,,
2017,19,35-59,1532.0,,
2017,19,60-79,6211.0,,
2017,19,80+,9411.0,,
2017,20,0-34,207.0,,
2017,20,35-59,1519.0,,
2017,20,60-79,5983.0,,
2017,20,80+,9370.0,,
2017,21,0-34,222.0,,
2017,21,35-59,1472.0,,
2017,21,60-79,5828.0,,
2017,21,80+,8929.0,,
2017,22,0-34,192.0,,
2017,22,35-59,1532.0,,
2017,22,60-79,5984.0,,
2017,22,80+,9194.0,,
2017,23,0-34,223.0,,
2017,23,35-59,1496.0,,
2017,23,60-79,5577.0,,
2017,23,80+,8550.0,,
2017,24,0-34,192.0,,
2017,24,35-59,1477.0,,
2017,24,60-79,5689.0,,
2017,24,80+,8729.0,,
2017,25,0-34,225.0,,
2017,25,35-59,1519.0,,
2017,25,60-79,6015.0,,
2017,25,80+,9060.0,,
2017,26,0-34,205.0,,
2017,26,35-59,1400.0,,
2017,26,60-79,5802.0,,
2017,26,80+,8669.0,,
2017,27,0-34,207.0,,
2017,27,35-59,1471.0,,
2017,27,60-79,5826.0,,
2017,27,80+,8920.0,,
2017,28,0-34,188.0,,
2017,28,35-59,1399.0,,
2017,28,60-79,5677.0,,
2017,28,80+,8339.0,,
2017,29,0-34,173.0,,
2017,29,35-59,1465.0,,
2017,29,60-79,6037.0,,
2017,29,80+,8914.0,,
2017,30,0-34,201.0,,
2017,30,35-59,1459.0,,
2017,30,60-79,5782.0,,
2017,30,80+,8616.0,,
2017,31,0-34,194.0,,
2017,31,35-59,1482.0,,
2017,31,60-79,5927.0,,
2017,31,80+,8891.0,,
2017,32,0-34,201.0,,
2017,32,35-59,1393.0,,
2017,32,60-79,5683.0,,
2017,32,80+,8507.0,,
2017,33,0-34,208.0,,
2017,33,35-59,1420.0,,
2017,33,60-79,5824.0,,
2017,33,80+,8696.0,,
2017,34,0-34,186.0,,
2017,34,35-59,1406.0,,
2017,34,60-79,5651.0,,
2017,34,80+,8637.0,,
2017,35,0-34,186.0,,
2017,35,35-59,1429.0,,
2017,35,60-79,5620.0,,
2017,35,80+,8829.0,,
2017,36,0-34,183.0,,
2017,36,35-59,1472.0,,
2017,36,60-79,5592.0,,
2017,36,80+,8459.0,,
2017,37,0-34,187.0,,
2017,37,35-59,1433.0,,
2017,37,60-79,5881.0,,
2017,37,80+,8645.0,,
2017,38,0-34,216.0,,
2017,38,35-59,1448.0,,
2017,38,60-79,5870.0,,
2017,38,80+,8971.0,,
2017,39,0-34,198.0,,
2017,39,35-59,1436.0,,
2017,39,60-79,5874.0,,
2017,39,80+,9239.0,,
2017,40,0-34,167.0,,
2017,40,35-59,1552.0,,
2017,40,60-79,5793.0,,
2017,40,80+,9152.0,,
2017,41,0-34,183.0,,
2017,41,35-59,1449.0,,
2017,41,60-79,6132.0,,
2017,41,80+,9706.0,,
2017,42,0-34,199.0,,
2017,42,35-59,1526.0,,
2017,42,60-79,5970.0,,
2017,42,80+,9444.0,,
2017,43,0-34,208.0,,
2017,43,35-59,1442.0,,
2017,43,60-79,5962.0,,
2017,43,80+,9447.0,,
2017,44,0-34,161.0,,
2017,44,35-59,1463.0,,
2017,44,60-79,5898.0,,
2017,44,80+,9240.0,,
2017,45,0-34,190.0,,
2017,45,35-59,1451.0,,
2017,45,60-79,6122.0,,
2017,45,80+,9608.0,,
2017,46,0-34,189.0,,
2017,46,35-59,1528.0,,
2017,46,60-79,6192.0,,
2017,46,80+,9685.0,,
2017,47,0-34,188.0,,
2017,47,35-59,1502.0,,
2017,47,60-79,6099.0,,
2017,47,80+,9887.0,,
2017,48,0-34,174.0,,
2017,48,35-59,1531.0,,
2017,48,60-79,6295.0,,
2017,48,80+,9877.0,,
2017,49,0-34,217.0,,
2017,49,35-59,1520.0,,
2017,49,60-79,6359.0,,
2017,49,80+,10199.0,,
2017,50,0-34,189.0,,
2017,50,35-59,1501.0,,
2017,50,60-79,6388.0,,
2017,50,80+,10426.0,,
2017,51,0-34,170.0,,
2017,51,35-59,1459.0,,
2017,51,60-79,6443.0,,
2017,51,80+,10428.0,,
2017,52,0-34,210.0,,
2017,52,35-59,1465.0,,
2017,52,60-79,6412.0,,
2017,52,80+,10565.0,,
2018,1,0-34,216.0,,
2018,1,35-59,1602.0,,
2018,1,60-79,6473.0,,
2018,1,80+,11051.0,,
2018,2,0-34,214.0,,
2018,2,35-59,1575.0,,
2018,2,60-79,6476.0,,
2018,2,80+,10505.0,,
2018,3,0-34,203.0,,
2018,3,35-59,1607.0,,
2018,3,60-79,6691.0,,
2018,3,80+,10686.0,,
2018,4,0-34,214.0,,
2018,4,35-59,1543.0,,
2018,4,60-79,6561.0,,
2018,4,80+,10853.0,,
2018,5,0-34,206.0,,
2018,5,35-59,1605.0,,
2018,5,60-79,6742.0,,
2018,5,80+,11005.0,,
2018,6,0-34,231.0,,
2018,6,35-59,1534.0,,
2018,6,60-79,6986.0,,
2018,6,80+,11335.0,,
2018,7,0-34,218.0,,
2018,7,35-59,1667.0,,
2018,7,60-79,7194.0,,
2018,7,80+,12175.0,,
2018,8,0-34,174.0,,
2018,8,35-59,1791.0,,
2018,8,60-79,7691.0,,
2018,8,80+,13232.0,,
2018,9,0-34,220.0,,
2018,9,35-59,1887.0,,
2018,9,60-79,8559.0,,
2018,9,80+,14869.0,,
2018,10,0-34,233.0,,
2018,10,35-59,1933.0,,
2018,10,60-79,8753.0,,
2018,10,80+,15858.0,,
2018,11,0-34,218.0,,
2018,11,35-59,1804.0,,
2018,11,60-79,8029.0,,
2018,11,80+,14334.0,,
2018,12,0-34,184.0,,
2018,12,35-59,1755.0,,
2018,12,60-79,7597.0,,
2018,12,80+,13241.0,,
2018,13,0-34,199.0,,
2018,13,35-59,1598.0,,
2018,13,60-79,7008.0,,
2018,13,80+,12101.0,,
2018,14,0-34,214.0,,
2018,14,35-59,1640.0,,
2018,14,60-79,6810.0,,
2018,14,80+,11374.0,,
2018,15,0-34,200.0,,
2018,15,35-59,1553.0,,
2018,15,60-79,6605.0,,
2018,15,80+,10807.0,,
2018,16,0-34,205.0,,
2018,16,35-59,1573.0,,
2018,16,60-79,6236.0,,
2018,16,80+,9978.0,,
2018,17,0-34,207.0,,
2018,17,35-59,1467.0,,
2018,17,60-79,6047.0,,
2018,17,80+,9372.0,,
2018,18,0-34,185.0,,
2018,18,35-59,1499.0,,
2018,18,60-79,5902.0,,
2018,18,80+,9203.0,,
2018,19,0-34,183.0,,
2018,19,35-59,1507.0,,
2018,19,60-79,6013.0,,
2018,19,80+,9523.0,,
2018,20,0-34,170.0,,
2018,20,35-59,1416.0,,
2018,20,60-79,5753.0,,
2018,20,80+,9149.0,,
2018,21,0-34,211.0,,
2018,21,35-59,1475.0,,
2018,21,60-79,5712.0,,
2018,21,80+,9115.0,,
2018,22,0-34,196.0,,
2018,22,35-59,1482.0,,
2018,22,60-79,5853.0,,
2018,22,80+,9508.0,,
2018,23,0-34,218.0,,
2018,23,35-59,1471.0,,
2018,23,60-79,5856.0,,
2018,23,80+,9169.0,,
2018,24,0-34,200.0,,
2018,24,35-59,1405.0,,
2018,24,60-79,5561.0,,
2018,24,80+,8416.0,,
2018,25,0-34,197.0,,
2018,25,35-59,1454.0,,
2018,25,60-79,5570.0,,
2018,25,80+,8622.0,,
2018,26,0-34,208.0,,
2018,26,35-59,1473.0,,
2018,26,60-79,5833.0,,
2018,26,80+,9055.0,,
2018,27,0-34,207.0,,
2018,27,35-59,1448.0,,
2018,27,60-79,5772.0,,
2018,27,80+,9195.0,,
2018,28,0-34,203.0,,
2018,28,35-59,1443.0,,
2018,28,60-79,5657.0,,
2018,28,80+,8767.0,,
2018,29,0-34,194.0,,
2018,29,35-59,1448.0,,
2018,29,60-79,5871.0,,
2018,29,80+,9189.0,,
2018,30,0-34,229.0,,
2018,30,35-59,1515.0,,
2018,30,60-79,6217.0,,
2018,30,80+,10379.0,,
2018,31,0-34,217.0,,
2018,31,35-59,1680.0,,
2018,31,60-79,6834.0,,
2018,31,80+,11640.0,,
2018,32,0-34,226.0,,
2018,32,35-59,1521.0,,
2018,32,60-79,6336.0,,
2018,32,80+,10395.0,,
2018,33,0-34,202.0,,
2018,33,35-59,1425.0,,
2018,33,60-79,5962.0,,
2018,33,80+,9301.0,,
2018,34,0-34,213.0,,
2018,34,35-59,1447.0,,
2018,34,60-79,5681.0,,
2018,34,80+,9271.0,,
2018,35,0-34,162.0,,
2018,35,35-59,1415.0,,
2018,35,60-79,5558.0,,
2018,35,80+,8865.0,,
2018,36,0-34,182.0,,
2018,36,35-59,1427.0,,
2018,36,60-79,5745.0,,
2018,36,80+,9036.0,,
2018,37,0-34,199.0,,
2018,37,35-59,1411.0,,
2018,37,60-79,5628.0,,
2018,37,80+,9054.0,,
2018,38,0-34,202.0,,
2018,38,35-59,1437.0,,
2018,38,60-79,5792.0,,
2018,38,80+,9220.0,,
2018,39,0-34,170.0,,
2018,39,35-59,1411.0,,
2018,39,60-79,5531.0,,
2018,39,80+,8857.0,,
2018,40,0-34,194.0,,
2018,40,35-59,1462.0,,
2018,40,60-79,5810.0,,
2018,40,80+,9156.0,,
2018,41,0-34,206.0,,
2018,41,35-59,1458.0,,
2018,41,60-79,5867.0,,
2018,41,80+,9462.0,,
2018,42,0-34,186.0,,
2018,42,35-59,1432.0,,
2018,42,60-79,5834.0,,
2018,42,80+,9100.0,,
2018,43,0-34,187.0,,
2018,43,35-59,1431.0,,
2018,43,60-79,5728.0,,
2018,43,80+,9262.0,,
2018,44,0-34,177.0,,
2018,44,35-59,1465.0,,
2018,44,60-79,5815.0,,
2018,44,80+,9438.0,,
2018,45,0-34,199.0,,
2018,45,35-59,1493.0,,
2018,45,60-79,6052.0,,
2018,45,80+,9860.0,,
2018,46,0-34,193.0,,
2018,46,35-59,1429.0,,
2018,46,60-79,5898.0,,
2018,46,80+,9322.0,,
2018,47,0-34,220.0,,
2018,47,35-59,1473.0,,
2018,47,60-79,6043.0,,
2018,47,80+,10049.0,,
2018,48,0-34,171.0,,
2018,48,35-59,1524.0,,
2018,48,60-79,6129.0,,
2018,48,80+,10267.0,,
2018,49,0-34,181.0,,
2018,49,35-59,1469.0,,
2018,49,60-79,6238.0,,
2018,49,80+,10454.0,,
2018,50,0-34,189.0,,
2018,50,35-59,1456.0,,
2018,50,60-79,6210.0,,
2018,50,80+,10088.0,,
2018,51,0-34,213.0,,
2018,51,35-59,1504.0,,
2018,51,60-79,6410.0,,
2018,51,80+,10863.0,,
2018,52,0-34,181.0,,
2018,52,35-59,1404.0,,
2018,52,60-79,5981.0,,
2018,52,80+,10388.0,,
2019,1,0-34,206.0,,
2019,1,35-59,1483.0,,
2019,1,60-79,6275.0,,
2019,1,80+,10722.0,,
2019,2,0-34,210.0,,
2019,2,35-59,1564.0,,
2019,2,60-79,6447.0,,
2019,2,80+,10949.0,,
2019,3,0-34,201.0,,
2019,3,35-59,1575.0,,
2019,3,60-79,6396.0,,
2019,3,80+,10991.0,,
2019,4,0-34,198.0,,
2019,4,35-59,1545.0,,
2019,4,60-79,6533.0,,
2019,4,80+,11229.0,,
2019,5,0-34,197.0,,
2019,5,35-59,1596.0,,
2019,5,60-79,6678.0,,
2019,5,80+,11341.0,,
2019,6,0-34,227.0,,
2019,6,35-59,1617.0,,
2019,6,60-79,6703.0,,
2019,6,80+,11434.0,,
2019,7,0-34,214.0,,
2019,7,35-59,1584.0,,
2019,7,60-79,6916.0,,
2019,7,80+,11436.0,,
2019,8,0-34,200.0,,
2019,8,35-59,1591.0,,
2019,8,60-79,6763.0,,
2019,8,80+,11795.0,,
2019,9,0-34,206.0,,
2019,9,35-59,1644.0,,
2019,9,60-79,6987.0,,
2019,9,80+,11953.0,,
2019,10,0-34,192.0,,
2019,10,35-59,1612.0,,
2019,10,60-79,6812.0,,
2019,10,80+,11837.0,,
2019,11,0-34,207.0,,
2019,11,35-59,1523.0,,
2019,11,60-79,6668.0,,
2019,11,80+,11397.0,,
2019,12,0-34,175.0,,
2019,12,35-59,1537.0,,
2019,12,60-79,6346.0,,
2019,12,80+,10958.0,,
2019,13,0-34,222.0,,
2019,13,35-59,1426.0,,
2019,13,60-79,6312.0,,
2019,13,80+,10602.0,,
2019,14,0-34,180.0,,
2019,14,35-59,1507.0,,
2019,14,60-79,6373.0,,
2019,14,80+,10611.0,,
2019,15,0-34,205.0,,
2019,15,35-59,1436.0,,
2019,15,60-79,6007.0,,
2019,15,80+,10204.0,,
2019,16,0-34,211.0,,
2019,16,35-59,1449.0,,
2019,16,60-79,6209.0,,
2019,16,80+,10220.0,,
2019,17,0-34,187.0,,
2019,17,35-59,1468.0,,
2019,17,60-79,6086.0,,
2019,17,80+,10153.0,,
2019,18,0-34,188.0,,
2019,18,35-59,1418.0,,
2019,18,60-79,5751.0,,
2019,18,80+,9733.0,,
2019,19,0-34,185.0,,
2019,19,35-59,1377.0,,
2019,19,60-79,5993.0,,
2019,19,80+,9563.0,,
2019,20,0-34,186.0,,
2019,20,35-59,1403.0,,
2019,20,60-79,5986.0,,
2019,20,80+,9740.0,,
2019,21,0-34,202.0,,
2019,21,35-59,1434.0,,
2019,21,60-79,5842.0,,
2019,21,80+,9602.0,,
2019,22,0-34,174.0,,
2019,22,35-59,1468.0,,
2019,22,60-79,5824.0,,
2019,22,80+,9455.0,,
2019,23,0-34,229.0,,
2019,23,35-59,1467.0,,
2019,23,60-79,6021.0,,
2019,23,80+,9774.0,,
2019,24,0-34,175.0,,
2019,24,35-59,1460.0,,
2019,24,60-79,5666.0,,
2019,24,80+,9183.0,,
2019,25,0-34,196.0,,
2019,25,35-59,1458.0,,
2019,25,60-79,5630.0,,
2019,25,80+,9355.0,,
2019,26,0-34,204.0,,
2019,26,35-59,1513.0,,
2019,26,60-79,5996.0,,
2019,26,80+,10205.0,,
2019,27,0-34,201.0,,
2019,27,35-59,1443.0,,
2019,27,60-79,5752.0,,
2019,27,80+,9156.0,,
2019,28,0-34,161.0,,
2019,28,35-59,1343.0,,
2019,28,60-79,5617.0,,
2019,28,80+,9198.0,,
2019,29,0-34,195.0,,
2019,29,35-59,1424.0,,
2019,29,60-79,5691.0,,
2019,29,80+,9546.0,,
2019,30,0-34,230.0,,
2019,30,35-59,1494.0,,
2019,30,60-79,6576.0,,
2019,30,80+,11330.0,,
2019,31,0-34,191.0,,
2019,31,35-59,1468.0,,
2019,31,60-79,5754.0,,
2019,31,80+,9621.0,,
2019,32,0-34,191.0,,
2019,32,35-59,1344.0,,
2019,32,60-79,5758.0,,
2019,32,80+,9247.0,,
2019,33,0-34,198.0,,
2019,33,35-59,1349.0,,
2019,33,60-79,5392.0,,
2019,33,80+,8995.0,,
2019,34,0-34,185.0,,
2019,34,35-59,1385.0,,
2019,34,60-79,5627.0,,
2019,34,80+,9066.0,,
2019,35,0-34,209.0,,
2019,35,35-59,1440.0,,
2019,35,60-79,5923.0,,
2019,35,80+,10065.0,,
2019,36,0-34,186.0,,
2019,36,35-59,1402.0,,
2019,36,60-79,5470.0,,
2019,36,80+,8930.0,,
2019,37,0-34,189.0,,
2019,37,35-59,1413.0,,
2019,37,60-79,5507.0,,
2019,37,80+,9194.0,,
2019,38,0-34,207.0,,
2019,38,35-59,1417.0,,
2019,38,60-79,5644.0,,
2019,38,80+,9232.0,,
2019,39,0-34,170.0,,
2019,39,35-59,1426.0,,
2019,39,60-79,5908.0,,
2019,39,80+,9898.0,,
2019,40,0-34,204.0,,
2019,40,35-59,1349.0,,
2019,40,60-79,5783.0,,
2019,40,80+,9563.0,,
2019,41,0-34,178.0,,
2019,41,35-59,1460.0,,
2019,41,60-79,5934.0,,
2019,41,80+,10094.0,,
2019,42,0-34,177.0,,
2019,42,35-59,1425.0,,
2019,42,60-79,5948.0,,
2019,42,80+,10163.0,,
2019,43,0-34,184.0,,
2019,43,35-59,1371.0,,
2019,43,60-79,5895.0,,
2019,43,80+,9877.0,,
2019,44,0-34,181.0,,
2019,44,35-59,1452.0,,
2019,44,60-79,5949.0,,
2019,44,80+,9906.0,,
2019,45,0-34,194.0,,
2019,45,35-59,1500.0,,
2019,45,60-79,5953.0,,
2019,45,80+,10212.0,,
2019,46,0-34,181.0,,
2019,46,35-59,1543.0,,
2019,46,60-79,6064.0,,
2019,46,80+,10454.0,,
2019,47,0-34,196.0,,
2019,47,35-59,1421.0,,
2019,47,60-79,5975.0,,
2019,47,80+,10943.0,,
2019,48,0-34,180.0,,
2019,48,35-59,1377.0,,
2019,48,60-79,6237.0,,
2019,48,80+,10787.0,,
2019,49,0-34,202.0,,
2019,49,35-59,1512.0,,
2019,49,60-79,6345.0,,
2019,49,80+,11084.0,,
2019,50,0-34,219.0,,
2019,50,35-59,1441.0,,
2019,50,60-79,6428.0,,
2019,50,80+,11013.0,,
2019,51,0-34,190.0,,
2019,51,35-59,1461.0,,
2019,51,60-79,6405.0,,
2019,51,80+,11006.0,,
2019,52,0-34,154.0,,
2019,52,35-59,1403.0,,
2019,52,60-79,5886.0,,
2019,52,80+,10761.0,,
2020,1,0-34,211.0,,
2020,1,35-59,1526.0,,
2020,1,60-79,6059.0,,
2020,1,80+,11087.0,,
2020,2,0-34,191.0,,
2020,2,35-59,1555.0,,
2020,2,60-79,6299.0,,
2020,2,80+,11363.0,,
2020,3,0-34,192.0,,
2020,3,35-59,1543.0,,
2020,3,60-79,6145.0,,
2020,3,80+,11073.0,,
2020,4,0-34,164.0,,
2020,4,35-59,1482.0,,
2020,4,60-79,6301.0,,
2020,4,80+,10880.0,,
2020,5,0-34,201.0,,
2020,5,35-59,1566.0,,
2020,5,60-79,6519.0,,
2020,5,80+,11488.0,,
2020,6,0-34,202.0,,
2020,6,35-59,1554.0,,
2020,6,60-79,6292.0,,
2020,6,80+,10990.0,,
2020,7,0-34,194.0,,
2020,7,35-59,1544.0,,
2020,7,60-79,6487.0,,
2020,7,80+,11423.0,,
2020,8,0-34,199.0,,
2020,8,35-59,1468.0,,
2020,8,60-79,6326.0,,
2020,8,80+,10960.0,,
2020,9,0-34,197.0,,
2020,9,35-59,1482.0,,
2020,9,60-79,6375.0,,
2020,9,80+,11451.0,,
2020,10,0-34,221.0,,
2020,10,35-59,1490.0,,
2020,10,60-79,6345.0,,
2020,10,80+,11611.0,,
2020,11,0-34,180.0,0.0,0.0
2020,11,35-59,1504.0,1.0,1.0
2020,11,60-79,6554.0,5.0,5.0
2020,11,80+,11611.0,3.0,3.0
2020,12,0-34,198.0,0.0,0.0
2020,12,35-59,1527.0,0.0,1.0
2020,12,60-79,6581.0,7.0,12.0
2020,12,80+,11416.0,41.0,44.0
2020,13,0-34,175.0,1.0,1.0
2020,13,35-59,1560.0,19.0,20.0
2020,13,60-79,6394.0,106.0,118.0
2020,13,80+,11549.0,208.0,252.0
2020,14,0-34,187.0,1.0,2.0
2020,14,35-59,1568.0,42.0,62.0
2020,14,60-79,6786.0,319.0,437.0
2020,14,80+,12121.0,573.0,825.0
2020,15,0-34,171.0,2.0,4.0
2020,15,35-59,1566.0,63.0,125.0
2020,15,60-79,6599.0,430.0,867.0
2020,15,80+,12166.0,840.0,1665.0
2020,16,0-34,202.0,2.0,6.0
2020,16,35-59,1471.0,60.0,185.0
2020,16,60-79,6269.0,507.0,1374.0
2020,16,80+,11319.0,1038.0,2703.0
2020,17,0-34,188.0,2.0,8.0
2020,17,35-59,1424.0,42.0,227.0
2020,17,60-79,6097.0,432.0,1806.0
2020,17,80+,10848.0,884.0,3587.0
2020,18,0-34,180.0,4.0,12.0
2020,18,35-59,1451.0,53.0,280.0
2020,18,60-79,5891.0,286.0,2092.0
2020,18,80+,10398.0,651.0,4238.0
2020,19,0-34,166.0,3.0,15.0
2020,19,35-59,1467.0,29.0,309.0
2020,19,60-79,5797.0,227.0,2319.0
2020,19,80+,10221.0,467.0,4705.0
2020,20,0-34,186.0,1.0,16.0
2020,20,35-59,1473.0,23.0,332.0
2020,20,60-79,5728.0,168.0,2487.0
2020,20,80+,9614.0,307.0,5012.0
2020,21,0-34,189.0,0.0,16.0
2020,21,35-59,1436.0,19.0,351.0
2020,21,60-79,5658.0,110.0,2597.0
2020,21,80+,9880.0,200.0,5212.0
2020,22,0-34,169.0,1.0,17.0
2020,22,35-59,1446.0,14.0,365.0
2020,22,60-79,5650.0,88.0,2685.0
2020,22,80+,9511.0,154.0,5366.0
2020,23,0-34,175.0,0.0,17.0
2020,23,35-59,1433.0,10.0,375.0
2020,23,60-79,5632.0,57.0,2742.0
2020,23,80+,10022.0,104.0,5470.0
2020,24,0-34,198.0,1.0,18.0
2020,24,35-59,1390.0,11.0,386.0
2020,24,60-79,5460.0,45.0,2787.0
2020,24,80+,9553.0,56.0,5526.0
2020,25,0-34,207.0,0.0,18.0
2020,25,35-59,1417.0,5.0,391.0
2020,25,60-79,5538.0,35.0,2822.0
2020,25,80+,9239.0,58.0,5584.0
2020,26,0-34,175.0,0.0,18.0
2020,26,35-59,1447.0,9.0,400.0
2020,26,60-79,5760.0,23.0,2845.0
2020,26,80+,9911.0,43.0,5627.0
2020,27,0-34,203.0,0.0,18.0
2020,27,35-59,1444.0,4.0,404.0
2020,27,60-79,5581.0,21.0,2866.0
2020,27,80+,9229.0,29.0,5656.0
2020,28,0-34,203.0,0.0,18.0
2020,28,35-59,1383.0,5.0,409.0
2020,28,60-79,5334.0,25.0,2891.0
2020,28,80+,9222.0,21.0,5677.0
2020,29,0-34,190.0,0.0,18.0
2020,29,35-59,1408.0,0.0,409.0
2020,29,60-79,5626.0,11.0,2902.0
2020,29,80+,9313.0,13.0,5690.0
2020,30,0-34,186.0,0.0,18.0
2020,30,35-59,1378.0,7.0,416.0
2020,30,60-79,5621.0,7.0,2909.0
2020,30,80+,9702.0,21.0,5711.0
2020,31,0-34,194.0,0.0,18.0
2020,31,35-59,1431.0,1.0,417.0
2020,31,60-79,5748.0,9.0,2918.0
2020,31,80+,10060.0,13.0,5724.0
2020,32,0-34,168.0,1.0,19.0
2020,32,35-59,1429.0,1.0,418.0
2020,32,60-79,5692.0,14.0,2932.0
2020,32,80+,10181.0,30.0,5754.0
2020,33,0-34,222.0,0.0,19.0
2020,33,35-59,1560.0,2.0,420.0
2020,33,60-79,6345.0,11.0,2943.0
2020,33,80+,11593.0,20.0,5774.0
2020,34,0-34,173.0,0.0,19.0
2020,34,35-59,1378.0,4.0,424.0
2020,34,60-79,5723.0,7.0,2950.0
2020,34,80+,10285.0,27.0,5801.0
2020,35,0-34,194.0,0.0,19.0
2020,35,35-59,1293.0,3.0,427.0
2020,35,60-79,5409.0,16.0,2966.0
2020,35,80+,9760.0,12.0,5813.0
2020,36,0-34,169.0,0.0,19.0
2020,36,35-59,1401.0,5.0,432.0
2020,36,60-79,5587.0,16.0,2982.0
2020,36,80+,9632.0,10.0,5823.0
2020,37,0-34,202.0,0.0,19.0
2020,37,35-59,1356.0,4.0,436.0
2020,37,60-79,5667.0,13.0,2995.0
2020,37,80+,9930.0,8.0,5831.0
2020,38,0-34,194.0,1.0,20.0
2020,38,35-59,1434.0,5.0,441.0
2020,38,60-79,5734.0,12.0,3007.0
2020,38,80+,10193.0,16.0,5847.0
2020,39,0-34,199.0,0.0,20.0
2020,39,35-59,1389.0,3.0,444.0
2020,39,60-79,5794.0,25.0,3032.0
2020,39,80+,10064.0,41.0,5888.0
2020,40,0-34,176.0,0.0,20.0
2020,40,35-59,1423.0,7.0,451.0
2020,40,60-79,5737.0,16.0,3048.0
2020,40,80+,10278.0,49.0,5937.0
2020,41,0-34,171.0,1.0,21.0
2020,41,35-59,1449.0,6.0,457.0
2020,41,60-79,5723.0,32.0,3080.0
2020,41,80+,10158.0,49.0,5986.0
2020,42,0-34,158.0,1.0,22.0
2020,42,35-59,1424.0,8.0,465.0
2020,42,60-79,5927.0,41.0,3121.0
2020,42,80+,10245.0,108.0,6094.0
2020,43,0-34,191.0,1.0,23.0
2020,43,35-59,1485.0,6.0,471.0
2020,43,60-79,6078.0,65.0,3186.0
2020,43,80+,10834.0,178.0,6272.0
2020,44,0-34,185.0,1.0,24.0
2020,44,35-59,1379.0,17.0,488.0
2020,44,60-79,6039.0,122.0,3308.0
2020,44,80+,10981.0,312.0,6584.0
2020,45,0-34,171.0,1.0,25.0
2020,45,35-59,1435.0,33.0,521.0
2020,45,60-79,6175.0,217.0,3525.0
2020,45,80+,11226.0,551.0,7135.0
2020,46,0-34,166.0,1.0,26.0
2020,46,35-59,1437.0,44.0,565.0
2020,46,60-79,6283.0,303.0,3828.0
2020,46,80+,11841.0,850.0,7985.0
2020,47,0-34,188.0,6.0,32.0
2020,47,35-59,1497.0,49.0,614.0
2020,47,60-79,6366.0,415.0,4243.0
2020,47,80+,12131.0,1057.0,9042.0
2020,48,0-34,160.0,1.0,33.0
2020,48,35-59,1516.0,76.0,690.0
2020,48,60-79,6591.0,564.0,4807.0
2020,48,80+,13037.0,1442.0,10484.0
2020,49,0-34,207.0,4.0,37.0
2020,49,35-59,1530.0,63.0,753.0
2020,49,60-79,6988.0,702.0,5509.0
2020,49,80+,13879.0,1876.0,12360.0
2020,50,0-34,174.0,6.0,43.0
2020,50,35-59,1599.0,85.0,838.0
2020,50,60-79,7215.0,762.0,6271.0
2020,50,80+,15015.0,2129.0,14489.0
2020,51,0-34,163.0,6.0,49.0
2020,51,35-59,1548.0,118.0,956.0
2020,51,60-79,7441.0,1077.0,7348.0
2020,51,80+,15572.0,3044.0,17533.0
2020,52,0-34,198.0,5.0,54.0
2020,52,35-59,1553.0,104.0,1060.0
2020,52,60-79,7561.0,920.0,8268.0
2020,52,80+,16242.0,2674.0,20207.0
2020,53,0-34,175.0,2.0,56.0
2020,53,35-59,1646.0,124.0,1184.0
2020,53,60-79,7609.0,1118.0,9386.0
2020,53,80+,16111.0,3227.0,23434.0
2021,1,0-34,157.0,6.0,62.0
2021,1,35-59,1615.0,157.0,1341.0
2021,1,60-79,7489.0,1489.0,10875.0
2021,1,80+,15658.0,4376.0,27810.0
2021,2,0-34,172.0,6.0,68.0
2021,2,35-59,1673.0,149.0,1490.0
2021,2,60-79,7464.0,1537.0,12412.0
2021,2,80+,15223.0,4353.0,32163.0
2021,3,0-34,180.0,5.0,73.0
2021,3,35-59,1623.0,177.0,1667.0
2021,3,60-79,7370.0,1366.0,13778.0
2021,3,80+,14956.0,3854.0,36017.0
2021,4,0-34,199.0,4.0,77.0
2021,4,35-59,1577.0,116.0,1783.0
2021,4,60-79,6985.0,1292.0,15070.0
2021,4,80+,13913.0,3609.0,39626.0
2021,5,0-34,194.0,5.0,82.0
2021,5,35-59,1608.0,141.0,1924.0
2021,5,60-79,6876.0,1204.0,16274.0
2021,5,80+,13095.0,3167.0,42793.0
2021,6,0-34,152.0,2.0,84.0
2021,6,35-59,1530.0,104.0,2028.0
2021,6,60-79,6721.0,937.0,17211.0
2021,6,80+,12543.0,2386.0,45179.0
2021,7,0-34,150.0,5.0,89.0
2021,7,35-59,1558.0,103.0,2131.0
2021,7,60-79,6593.0,822.0,18033.0
2021,7,80+,12192.0,2004.0,47183.0
2021,8,0-34,181.0,4.0,93.0
2021,8,35-59,1422.0,70.0,2201.0
2021,8,60-79,6315.0,636.0,18669.0
2021,8,80+,11061.0,1545.0,48728.0
2021,9,0-34,194.0,1.0,94.0
2021,9,35-59,1526.0,90.0,2291.0
2021,9,60-79,6026.0,586.0,19255.0
2021,9,80+,10709.0,1179.0,49907.0
2021,10,0-34,175.0,6.0,100.0
2021,10,35-59,1454.0,56.0,2347.0
2021,10,60-79,6206.0,476.0,19731.0
2021,10,80+,10771.0,956.0,50863.0
2021,11,0-34,199.0,8.0,108.0
2021,11,35-59,1425.0,75.0,2422.0
2021,11,60-79,6038.0,431.0,20162.0
2021,11,80+,10712.0,768.0,51631.0
2021,12,0-34,159.0,5.0,113.0
2021,12,35-59,1478.0,82.0,2504.0
2021,12,60-79,6230.0,421.0,20583.0
2021,12,80+,10570.0,689.0,52320.0
2021,13,0-34,188.0,5.0,118.0
2021,13,35-59,1527.0,71.0,2575.0
2021,13,60-79,6234.0,365.0,20948.0
2021,13,80+,10571.0,647.0,52967.0
2021,14,0-34,173.0,7.0,125.0
2021,14,35-59,1563.0,117.0,2692.0
2021,14,60-79,6268.0,531.0,21479.0
2021,14,80+,10869.0,729.0,53696.0
2021,15,0-34,195.0,6.0,131.0
2021,15,35-59,1601.0,113.0,2805.0
2021,15,60-79,6498.0,637.0,22116.0
2021,15,80+,10804.0,797.0,54493.0
2021,16,0-34,207.0,6.0,137.0
2021,16,35-59,1626.0,150.0,2955.0
2021,16,60-79,6648.0,704.0,22820.0
2021,16,80+,10801.0,796.0,55289.0
2021,17,0-34,173.0,8.0,145.0
2021,17,35-59,1663.0,128.0,3083.0
2021,17,60-79,6705.0,749.0,23569.0
2021,17,80+,11014.0,743.0,56032.0
2021,18,0-34,200.0,11.0,156.0
2021,18,35-59,1671.0,145.0,3228.0
2021,18,60-79,6600.0,680.0,24249.0
2021,18,80+,10858.0,765.0,56797.0
2021,19,0-34,173.0,9.0,165.0
2021,19,35-59,1498.0,129.0,3357.0
2021,19,60-79,6296.0,578.0,24827.0
2021,19,80+,10612.0,617.0,57414.0
2021,20,0-34,205.0,8.0,173.0
2021,20,35-59,1527.0,139.0,3496.0
2021,20,60-79,6093.0,608.0,25435.0
2021,20,80+,9986.0,541.0,57955.0
2021,21,0-34,193.0,7.0,180.0
2021,21,35-59,1426.0,107.0,3603.0
2021,21,60-79,5814.0,465.0,25900.0
2021,21,80+,9760.0,457.0,58412.0
2021,22,0-34,203.0,5.0,185.0
2021,22,35-59,1488.0,83.0,3686.0
2021,22,60-79,5996.0,364.0,26264.0
2021,22,80+,10504.0,373.0,58785.0
2021,23,0-34,186.0,3.0,188.0
2021,23,35-59,1509.0,73.0,3759.0
2021,23,60-79,5806.0,278.0,26542.0
2021,23,80+,9941.0,272.0,59057.0
2021,24,0-34,208.0,5.0,193.0
2021,24,35-59,1543.0,62.0,3821.0
2021,24,60-79,6253.0,219.0,26761.0
2021,24,80+,11072.0,265.0,59322.0
2021,25,0-34,218.0,4.0,197.0
2021,25,35-59,1394.0,42.0,3863.0
2021,25,60-79,5669.0,168.0,26929.0
2021,25,80+,9910.0,157.0,59479.0
2021,26,0-34,196.0,0.0,197.0
2021,26,35-59,1457.0,36.0,3899.0
2021,26,60-79,5569.0,127.0,27056.0
2021,26,80+,9791.0,117.0,59596.0
2021,27,0-34,202.0,2.0,199.0
2021,27,35-59,1388.0,31.0,3930.0
2021,27,60-79,5671.0,90.0,27146.0
2021,27,80+,9733.0,85.0,59681.0
2021,28,0-34,202.0,0.0,199.0
2021,28,35-59,1476.0,21.0,3951.0
2021,28,60-79,5932.0,65.0,27211.0
2021,28,80+,10052.0,48.0,59729.0
2021,29,0-34,200.0,1.0,200.0
2021,29,35-59,1424.0,20.0,3971.0
2021,29,60-79,5759.0,59.0,27270.0
2021,29,80+,10230.0,85.0,59814.0
2021,30,0-34,190.0,1.0,201.0
2021,30,35-59,1383.0,27.0,3998.0
2021,30,60-79,5702.0,57.0,27327.0
2021,30,80+,9936.0,52.0,59866.0
2021,31,0-34,193.0,1.0,202.0
2021,31,35-59,1429.0,10.0,4008.0
2021,31,60-79,5580.0,46.0,27373.0
2021,31,80+,9819.0,63.0,59929.0
2021,32,0-34,195.0,1.0,203.0
2021,32,35-59,1429.0,8.0,4016.0
2021,32,60-79,5667.0,43.0,27416.0
2021,32,80+,10269.0,41.0,59970.0
2021,33,0-34,198.0,0.0,203.0
2021,33,35-59,1437.0,15.0,4031.0
2021,33,60-79,5681.0,47.0,27463.0
2021,33,80+,10185.0,54.0,60024.0
2021,34,0-34,180.0,4.0,207.0
2021,34,35-59,1368.0,17.0,4048.0
2021,34,60-79,5636.0,60.0,27523.0
2021,34,80+,9967.0,74.0,60098.0
2021,35,0-34,192.0,2.0,209.0
2021,35,35-59,1434.0,32.0,4080.0
2021,35,60-79,5661.0,76.0,27599.0
2021,35,80+,10054.0,128.0,60226.0
2021,36,0-34,219.0,3.0,212.0
2021,36,35-59,1470.0,43.0,4123.0
2021,36,60-79,6069.0,84.0,27683.0
2021,36,80+,11121.0,143.0,60369.0
2021,37,0-34,205.0,7.0,219.0
2021,37,35-59,1416.0,49.0,4172.0
2021,37,60-79,5783.0,130.0,27813.0
2021,37,80+,10653.0,206.0,60575.0
2021,38,0-34,203.0,4.0,223.0
2021,38,35-59,1487.0,53.0,4225.0
2021,38,60-79,5933.0,132.0,27945.0
2021,38,80+,10534.0,193.0,60768.0
2021,39,0-34,187.0,9.0,232.0
2021,39,35-59,1410.0,44.0,4269.0
2021,39,60-79,5917.0,143.0,28088.0
2021,39,80+,10615.0,197.0,60965.0
2021,40,0-34,193.0,4.0,236.0
2021,40,35-59,1490.0,49.0,4318.0
2021,40,60-79,5797.0,140.0,28228.0
2021,40,80+,10729.0,219.0,61184.0
2021,41,0-34,179.0,3.0,239.0
2021,41,35-59,1528.0,48.0,4366.0
2021,41,60-79,6060.0,137.0,28365.0
2021,41,80+,11182.0,230.0,61414.0
2021,42,0-34,218.0,4.0,243.0
2021,42,35-59,1500.0,42.0,4408.0
2021,42,60-79,6314.0,142.0,28507.0
2021,42,80+,11729.0,304.0,61718.0
2021,43,0-34,216.0,8.0,251.0
2021,43,35-59,1533.0,41.0,4449.0
2021,43,60-79,6366.0,188.0,28695.0
2021,43,80+,12272.0,389.0,62107.0
2021,44,0-34,186.0,8.0,259.0
2021,44,35-59,1441.0,60.0,4509.0
2021,44,60-79,6413.0,237.0,28932.0
2021,44,80+,12386.0,489.0,62596.0
2021,45,0-34,179.0,5.0,264.0
2021,45,35-59,1571.0,77.0,4586.0
2021,45,60-79,6557.0,307.0,29239.0
2021,45,80+,12764.0,757.0,63353.0
2021,46,0-34,212.0,8.0,272.0
2021,46,35-59,1617.0,93.0,4679.0
2021,46,60-79,7002.0,421.0,29660.0
2021,46,80+,13513.0,860.0,64213.0
2021,47,0-34,195.0,9.0,281.0
2021,47,35-59,1699.0,113.0,4792.0
2021,47,60-79,7359.0,557.0,30217.0
2021,47,80+,14020.0,1122.0,65335.0
2021,48,0-34,215.0,6.0,287.0
2021,48,35-59,1766.0,153.0,4945.0
2021,48,60-79,7629.0,676.0,30893.0
2021,48,80+,14575.0,1321.0,66656.0
2021,49,0-34,183.0,14.0,301.0
2021,49,35-59,1742.0,173.0,5118.0
2021,49,60-79,7546.0,821.0,31714.0
2021,49,80+,14561.0,1586.0,68242.0
2021,50,0-34,194.0,11.0,312.0
2021,50,35-59,1681.0,220.0,5338.0
2021,50,60-79,7407.0,922.0,32636.0
2021,50,80+,13727.0,1443.0,69685.0
2021,51,0-34,193.0,9.0,321.0
2021,51,35-59,1632.0,163.0,5501.0
2021,51,60-79,7140.0,743.0,33379.0
2021,51,80+,13514.0,1205.0,70890.0
2021,52,0-34,181.0,7.0,328.0
2021,52,35-59,1621.0,144.0,5645.0
2021,52,60-79,7096.0,692.0,34071.0
2021,52,80+,13276.0,942.0,71832.0
2022,1,0-34,178.0,7.0,335.0
2022,1,35-59,1593.0,154.0,5799.0
2022,1,60-79,6664.0,625.0,34696.0
2022,1,80+,12435.0,1034.0,72866.0
2022,2,0-34,199.0,11.0,346.0
2022,2,35-59,1512.0,133.0,5932.0
2022,2,60-79,6405.0,594.0,35290.0
2022,2,80+,11805.0,895.0,73761.0
2022,3,0-34,203.0,7.0,353.0
2022,3,35-59,1475.0,99.0,6031.0
2022,3,60-79,6338.0,418.0,35708.0
2022,3,80+,11829.0,553.0,74314.0
2022,4,0-34,187.0,5.0,358.0
2022,4,35-59,1444.0,91.0,6122.0
2022,4,60-79,6675.0,329.0,36037.0
2022,4,80+,11918.0,579.0,74893.0
2022,5,0-34,170.0,6.0,364.0
2022,5,35-59,1504.0,87.0,6209.0
2022,5,60-79,6454.0,323.0,36360.0
2022,5,80+,12570.0,557.0,75450.0
2022,6,0-34,201.0,8.0,372.0
2022,6,35-59,1510.0,79.0,6288.0
2022,6,60-79,6497.0,376.0,36736.0
2022,6,80+,12287.0,758.0,76208.0
2022,7,0-34,199.0,6.0,378.0
2022,7,35-59,1497.0,77.0,6365.0
2022,7,60-79,6480.0,378.0,37114.0
2022,7,80+,12989.0,891.0,77099.0
2022,8,0-34,172.0,3.0,381.0
2022,8,35-59,1536.0,62.0,6427.0
2022,8,60-79,6242.0,403.0,37517.0
2022,8,80+,12425.0,929.0,78028.0
2022,9,0-34,201.0,4.0,385.0
2022,9,35-59,1432.0,68.0,6495.0
2022,9,60-79,6436.0,403.0,37920.0
2022,9,80+,12742.0,949.0,78977.0
2022,10,0-34,188.0,5.0,390.0
2022,10,35-59,1481.0,71.0,6566.0
2022,10,60-79,6504.0,387.0,38307.0
2022,10,80+,13078.0,1008.0,79985.0
2022,11,0-34,187.0,7.0,397.0
2022,11,35-59,1445.0,44.0,6610.0
2022,11,60-79,6520.0,379.0,38686.0
2022,11,80+,13205.0,901.0,80886.0
2022,12,0-34,196.0,3.0,400.0
2022,12,35-59,1463.0,56.0,6666.0
2022,12,60-79,6591.0,405.0,39091.0
2022,12,80+,12986.0,1058.0,81944.0
2022,13,0-34,190.0,6.0,406.0
2022,13,35-59,1476.0,73.0,6739.0
2022,13,60-79,6471.0,435.0,39526.0
2022,13,80+,12746.0,1069.0,83013.0
2022,14,0-34,197.0,7.0,413.0
2022,14,35-59,1551.0,64.0,6803.0
2022,14,60-79,6471.0,489.0,40015.0
2022,14,80+,12734.0,1102.0,84115.0
2022,15,0-34,200.0,9.0,422.0
2022,15,35-59,1503.0,53.0,6856.0
2022,15,60-79,6330.0,331.0,40346.0
2022,15,80+,12220.0,843.0,84958.0
2022,16,0-34,163.0,0.0,422.0
2022,16,35-59,1427.0,62.0,6918.0
2022,16,60-79,6163.0,341.0,40687.0
2022,16,80+,11826.0,829.0,85787.0
2022,17,0-34,177.0,1.0,423.0
2022,17,35-59,1419.0,64.0,6982.0
2022,17,60-79,6163.0,331.0,41018.0
2022,17,80+,11602.0,889.0,86676.0
2022,18,0-34,195.0,4.0,427.0
2022,18,35-59,1402.0,46.0,7028.0
2022,18,60-79,6267.0,294.0,41312.0
2022,18,80+,11361.0,736.0,87412.0
2022,19,0-34,185.0,6.0,433.0
2022,19,35-59,1529.0,51.0,7079.0
2022,19,60-79,6154.0,262.0,41574.0
2022,19,80+,11397.0,644.0,88056.0
2022,20,0-34,181.0,4.0,437.0
2022,20,35-59,1391.0,42.0,7121.0
2022,20,60-79,6065.0,227.0,41801.0
2022,20,80+,10928.0,562.0,88618.0
2022,21,0-34,196.0,3.0,440.0
2022,21,35-59,1321.0,21.0,7142.0
2022,21,60-79,5575.0,180.0,41981.0
2022,21,80+,10140.0,346.0,88964.0
2022,22,0-34,175.0,2.0,442.0
2022,22,35-59,1373.0,25.0,7167.0
2022,22,60-79,5800.0,165.0,42146.0
2022,22,80+,10756.0,330.0,89294.0
2022,23,0-34,178.0,5.0,447.0
2022,23,35-59,1431.0,18.0,7185.0
2022,23,60-79,5760.0,129.0,42275.0
2022,23,80+,10591.0,263.0,89557.0
2022,24,0-34,215.0,2.0,449.0
2022,24,35-59,1380.0,23.0,7208.0
2022,24,60-79,6050.0,125.0,42400.0
2022,24,80+,10852.0,228.0,89785.0
2022,25,0-34,238.0,3.0,452.0
2022,25,35-59,1445.0,29.0,7237.0
2022,25,60-79,6155.0,179.0,42579.0
2022,25,80+,11221.0,351.0,90136.0
2022,26,0-34,197.0,4.0,456.0
2022,26,35-59,1481.0,19.0,7256.0
2022,26,60-79,6005.0,178.0,42757.0
2022,26,80+,10879.0,361.0,90497.0
2022,27,0-34,209.0,0.0,456.0
2022,27,35-59,1412.0,26.0,7282.0
2022,27,60-79,5970.0,174.0,42931.0
2022,27,80+,10564.0,369.0,90866.0
2022,28,0-34,205.0,5.0,461.0
2022,28,35-59,1472.0,28.0,7310.0
2022,28,60-79,6160.0,186.0,43117.0
2022,28,80+,11182.0,443.0,91309.0
2022,29,0-34,232.0,5.0,466.0
2022,29,35-59,1482.0,29.0,7339.0
2022,29,60-79,6707.0,189.0,43306.0
2022,29,80+,12566.0,451.0,91760.0
2022,30,0-34,210.0,5.0,471.0
2022,30,35-59,1473.0,24.0,7363.0
2022,30,60-79,6418.0,222.0,43528.0
2022,30,80+,12196.0,549.0,92309.0
2022,31,0-34,196.0,4.0,475.0
2022,31,35-59,1376.0,29.0,7392.0
2022,31,60-79,6181.0,244.0,43772.0
2022,31,80+,12219.0,611.0,92920.0
2022,32,0-34,211.0,2.0,477.0
2022,32,35-59,1497.0,20.0,7412.0
2022,32,60-79,6304.0,229.0,44001.0
2022,32,80+,11820.0,593.0,93513.0
2022,33,0-34,201.0,2.0,479.0
2022,33,35-59,1439.0,25.0,7437.0
2022,33,60-79,6231.0,241.0,44242.0
2022,33,80+,12061.0,595.0,94108.0
2022,34,0-34,195.0,3.0,482.0
2022,34,35-59,1383.0,19.0,7456.0
2022,34,60-79,5979.0,166.0,44408.0
2022,34,80+,11435.0,416.0,94524.0
2022,35,0-34,179.0,3.0,485.0
2022,35,35-59,1380.0,30.0,7486.0
2022,35,60-79,5871.0,182.0,44590.0
2022,35,80+,10864.0,439.0,94963.0
2022,36,0-34,211.0,2.0,487.0
2022,36,35-59,1394.0,20.0,7506.0
2022,36,60-79,5984.0,164.0,44754.0
2022,36,80+,11188.0,360.0,95323.0
2022,37,0-34,212.0,5.0,492.0
2022,37,35-59,1377.0,29.0,7535.0
2022,37,60-79,5905.0,187.0,44941.0
2022,37,80+,10782.0,421.0,95744.0
2022,38,0-34,204.0,3.0,495.0
2022,38,35-59,1427.0,24.0,7559.0
2022,38,60-79,6063.0,144.0,45085.0
2022,38,80+,11427.0,356.0,96100.0
2022,39,0-34,198.0,0.0,495.0
2022,39,35-59,1424.0,18.0,7577.0
2022,39,60-79,6487.0,167.0,45252.0
2022,39,80+,12293.0,422.0,96522.0
2022,40,0-34,171.0,1.0,496.0
2022,40,35-59,1460.0,17.0,7594.0
2022,40,60-79,6527.0,122.0,45374.0
2022,40,80+,12469.0,334.0,96856.0
2022,41,0-34,211.0,3.0,499.0
2022,41,35-59,1482.0,28.0,7622.0
2022,41,60-79,6718.0,234.0,45608.0
2022,41,80+,13379.0,629.0,97485.0
2022,42,0-34,185.0,4.0,503.0
2022,42,35-59,1531.0,35.0,7657.0
2022,42,60-79,6771.0,297.0,45905.0
2022,42,80+,13332.0,731.0,98216.0
2022,43,0-34,199.0,5.0,508.0
2022,43,35-59,1421.0,37.0,7694.0
2022,43,60-79,6589.0,287.0,46192.0
2022,43,80+,13240.0,756.0,98972.0
2022,44,0-34,182.0,3.0,511.0
2022,44,35-59,1419.0,26.0,7720.0
2022,44,60-79,6304.0,288.0,46480.0
2022,44,80+,12028.0,673.0,99645.0
2022,45,0-34,183.0,2.0,513.0
2022,45,35-59,1422.0,34.0,7754.0
2022,45,60-79,6328.0,291.0,46771.0
2022,45,80+,12255.0,732.0,100377.0
2022,46,0-34,201.0,4.0,517.0
2022,46,35-59,1503.0,27.0,7781.0
2022,46,60-79,6520.0,280.0,47051.0
2022,46,80+,12601.0,731.0,101108.0
2022,47,0-34,205.0,2.0,519.0
2022,47,35-59,1476.0,34.0,7815.0
2022,47,60-79,6827.0,224.0,47275.0
2022,47,80+,12943.0,621.0,101729.0
2022,48,0-34,187.0,2.0,521.0
2022,48,35-59,1566.0,26.0,7841.0
2022,48,60-79,7066.0,200.0,47475.0
2022,48,80+,13454.0,468.0,102197.0
2022,49,0-34,240.0,0.0,521.0
2022,49,35-59,1619.0,16.0,7857.0
2022,49,60-79,7321.0,207.0,47682.0
2022,49,80+,14945.0,557.0,102754.0
2022,50,0-34,226.0,2.0,523.0
2022,50,35-59,1705.0,36.0,7893.0
2022,50,60-79,7994.0,254.0,47936.0
2022,50,80+,16052.0,636.0,103390.0
2022,51,0-34,242.0,4.0,527.0
2022,51,35-59,1705.0,39.0,7932.0
2022,51,60-79,8607.0,237.0,48173.0
2022,51,80+,18128.0,594.0,103984.0
2022,52,0-34,237.0,1.0,528.0
2022,52,35-59,1631.0,18.0,7950.0
2022,52,60-79,8107.0,196.0,48369.0
2022,52,80+,17309.0,484.0,104468.0
2023,1,0-34,188.0,2.0,530.0
2023,1,35-59,1648.0,46.0,7996.0
2023,1,60-79,7599.0,343.0,48712.0
2023,1,80+,15949.0,831.0,105299.0
2023,2,0-34,194.0,5.0,535.0
2023,2,35-59,1528.0,44.0,8040.0
2023,2,60-79,7005.0,291.0,49003.0
2023,2,80+,13968.0,746.0,106045.0
2023,3,0-34,210.0,1.0,536.0
2023,3,35-59,1458.0,39.0,8079.0
2023,3,60-79,6646.0,248.0,49251.0
2023,3,80+,12901.0,641.0,106686.0
2023,4,0-34,195.0,3.0,539.0
2023,4,35-59,1413.0,28.0,8107.0
2023,4,60-79,6507.0,224.0,49475.0
2023,4,80+,12511.0,492.0,107178.0
2023,5,0-34,164.0,1.0,540.0
2023,5,35-59,1514.0,33.0,8140.0
2023,5,60-79,6758.0,227.0,49702.0
2023,5,80+,12645.0,420.0,107598.0
2023,6,0-34,235.0,2.0,542.0
2023,6,35-59,1449.0,24.0,8164.0
2023,6,60-79,6489.0,176.0,49878.0
2023,6,80+,12316.0,429.0,108027.0
2023,7,0-34,217.0,2.0,544.0
2023,7,35-59,1511.0,23.0,8187.0
2023,7,60-79,6545.0,148.0,50026.0
2023,7,80+,12705.0,369.0,108396.0
2023,8,0-34,198.0,3.0,547.0
2023,8,35-59,1453.0,19.0,8206.0
2023,8,60-79,6555.0,146.0,50172.0
2023,8,80+,12687.0,359.0,108755.0
2023,9,0-34,192.0,2.0,549.0
2023,9,35-59,1489.0,25.0,8231.0
2023,9,60-79,6596.0,161.0,50333.0
2023,9,80+,12764.0,394.0,109149.0
2023,10,0-34,219.0,1.0,550.0
2023,10,35-59,1555.0,22.0,8253.0
2023,10,60-79,6856.0,166.0,50499.0
2023,10,80+,13314.0,465.0,109614.0
2023,11,0-34,213.0,3.0,553.0
2023,11,35-59,1569.0,15.0,8268.0
2023,11,60-79,6900.0,184.0,50683.0
2023,11,80+,13124.0,405.0,110019.0
2023,12,0-34,215.0,5.0,558.0
2023,12,35-59,1444.0,18.0,8286.0
2023,12,60-79,6713.0,218.0,50901.0
2023,12,80+,12973.0,443.0,110462.0
2023,13,0-34,195.0,0.0,558.0
2023,13,35-59,1473.0,25.0,8311.0
2023,13,60-79,6566.0,148.0,51049.0
2023,13,80+,12500.0,461.0,110923.0
2023,14,0-34,187.0,2.0,560.0
2023,14,35-59,1384.0,15.0,8326.0
2023,14,60-79,6445.0,154.0,51203.0
2023,14,80+,11923.0,273.0,111196.0
2023,15,0-34,199.0,1.0,561.0
2023,15,35-59,1410.0,19.0,8345.0
2023,15,60-79,6407.0,159.0,51362.0
2023,15,80+,12100.0,393.0,111589.0
2023,16,0-34,184.0,0.0,561.0
2023,16,35-59,1450.0,22.0,8367.0
2023,16,60-79,6468.0,138.0,51500.0
2023,16,80+,11745.0,377.0,111966.0
2023,17,0-34,193.0,0.0,561.0
2023,17,35-59,1415.0,24.0,8391.0
2023,17,60-79,6239.0,145.0,51645.0
2023,17,80+,11451.0,346.0,112312.0
2023,18,0-34,190.0,0.0,561.0
2023,18,35-59,1372.0,14.0,8405.0
2023,18,60-79,6085.0,121.0,51766.0
2023,18,80+,11394.0,226.0,112538.0
2023,19,0-34,185.0,1.0,562.0
2023,19,35-59,1387.0,14.0,8419.0
2023,19,60-79,6149.0,135.0,51901.0
2023,19,80+,11156.0,271.0,112809.0
2023,20,0-34,189.0,0.0,562.0
2023,20,35-59,1446.0,7.0,8426.0
2023,20,60-79,6069.0,64.0,51965.0
2023,20,80+,10665.0,127.0,112936.0
2023,21,0-34,193.0,0.0,562.0
2023,21,35-59,1365.0,5.0,8431.0
2023,21,60-79,5936.0,80.0,52045.0
2023,21,80+,10879.0,159.0,113095.0
2023,22,0-34,188.0,0.0,562.0
2023,22,35-59,1337.0,6.0,8437.0
2023,22,60-79,5982.0,42.0,52087.0
2023,22,80+,10483.0,101.0,113196.0
2023,23,0-34,213.0,0.0,562.0
2023,23,35-59,1416.0,5.0,8442.0
2023,23,60-79,5936.0,55.0,52142.0
2023,23,80+,10815.0,69.0,113265.0
2023,24,0-34,183.0,0.0,562.0
2023,24,35-59,1411.0,7.0,8449.0
2023,24,60-79,5873.0,62.0,52204.0
2023,24,80+,10363.0,99.0,113364.0
2023,25,0-34,216.0,0.0,562.0
2023,25,35-59,1401.0,5.0,8454.0
2023,25,60-79,6001.0,41.0,52245.0
2023,25,80+,10463.0,78.0,113442.0
2023,26,0-34,184.0,1.0,563.0
2023,26,35-59,1289.0,6.0,8460.0
2023,26,60-79,5608.0,45.0,52290.0
2023,26,80+,9941.0,102.0,113544.0
2023,27,0-34,195.0,0.0,563.0
2023,27,35-59,1367.0,6.0,8466.0
2023,27,60-79,5639.0,26.0,52316.0
2023,27,80+,9935.0,58.0,113602.0
2023,28,0-34,185.0,0.0,563.0
2023,28,35-59,1339.0,5.0,8471.0
2023,28,60-79,5736.0,25.0,52341.0
2023,28,80+,10470.0,56.0,113658.0
2023,29,0-34,171.0,1.0,564.0
2023,29,35-59,1277.0,3.0,8474.0
2023,29,60-79,5640.0,32.0,52373.0
2023,29,80+,9679.0,43.0,113701.0
2023,30,0-34,159.0,1.0,565.0
2023,30,35-59,1206.0,2.0,8476.0
2023,30,60-79,5549.0,24.0,52397.0
2023,30,80+,10011.0,43.0,113744.0
2023,31,0-34,171.0,0.0,565.0
2023,31,35-59,1262.0,3.0,8479.0
2023,31,60-79,5567.0,20.0,52417.0
2023,31,80+,9857.0,40.0,113784.0
2023,32,0-34,170.0,0.0,565.0
2023,32,35-59,1293.0,0.0,8479.0
2023,32,60-79,5789.0,10.0,52427.0
2023,32,80+,10197.0,25.0,113809.0
2023,33,0-34,178.0,0.0,565.0
2023,33,35-59,1347.0,2.0,8481.0
2023,33,60-79,6025.0,12.0,52439.0
2023,33,80+,10891.0,28.0,113837.0
2023,34,0-34,189.0,0.0,565.0
2023,34,35-59,1291.0,2.0,8483.0
2023,34,60-79,5984.0,15.0,52454.0
2023,34,80+,10677.0,24.0,113861.0
2023,35,0-34,185.0,1.0,566.0
2023,35,35-59,1273.0,2.0,8485.0
2023,35,60-79,5560.0,28.0,52482.0
2023,35,80+,9709.0,91.0,113952.0
2023,36,0-34,212.0,1.0,567.0
2023,36,35-59,1334.0,2.0,8487.0
2023,36,60-79,5926.0,29.0,52511.0
2023,36,80+,10619.0,56.0,114008.0
2023,37,0-34,201.0,3.0,570.0
2023,37,35-59,1359.0,11.0,8498.0
2023,37,60-79,5808.0,72.0,52583.0
2023,37,80+,10494.0,136.0,114144.0
2023,38,0-34,191.0,0.0,570.0
2023,38,35-59,1271.0,6.0,8504.0
2023,38,60-79,5596.0,34.0,52617.0
2023,38,80+,10269.0,89.0,114233.0
2023,39,0-34,187.0,1.0,571.0
2023,39,35-59,1267.0,2.0,8506.0
2023,39,60-79,5742.0,34.0,52651.0
2023,39,80+,10411.0,79.0,114312.0
2023,40,0-34,196.0,0.0,571.0
2023,40,35-59,1346.0,1.0,8507.0
2023,40,60-79,5773.0,33.0,52684.0
2023,40,80+,10824.0,67.0,114379.0
2023,41,0-34,192.0,1.0,572.0
2023,41,35-59,1380.0,3.0,8510.0
2023,41,60-79,5967.0,44.0,52728.0
2023,41,80+,11213.0,101.0,114480.0
2023,42,0-34,192.0,0.0,572.0
2023,42,35-59,1313.0,5.0,8515.0
2023,42,60-79,6243.0,44.0,52772.0
2023,42,80+,11695.0,130.0,114610.0
2023,43,0-34,186.0,0.0,572.0
2023,43,35-59,1378.0,5.0,8520.0
2023,43,60-79,6297.0,51.0,52823.0
2023,43,80+,12354.0,168.0,114778.0
2023,44,0-34,200.0,1.0,573.0
2023,44,35-59,1416.0,9.0,8529.0
2023,44,60-79,6319.0,69.0,52892.0
2023,44,80+,12439.0,162.0,114940.0
2023,45,0-34,216.0,1.0,574.0
2023,45,35-59,1378.0,12.0,8541.0
2023,45,60-79,6358.0,120.0,53012.0
2023,45,80+,12615.0,240.0,115180.0
2023,46,0-34,178.0,2.0,576.0
2023,46,35-59,1384.0,8.0,8549.0
2023,46,60-79,6616.0,91.0,53103.0
2023,46,80+,12596.0,275.0,115455.0
2023,47,0-34,205.0,1.0,577.0
2023,47,35-59,1457.0,14.0,8563.0
2023,47,60-79,6616.0,107.0,53210.0
2023,47,80+,12697.0,225.0,115680.0
2023,48,0-34,210.0,4.0,581.0
2023,48,35-59,1478.0,9.0,8572.0
2023,48,60-79,7015.0,119.0,53329.0
2023,48,80+,13272.0,231.0,115911.0
2023,49,0-34,208.0,1.0,582.0
2023,49,35-59,1498.0,9.0,8581.0
2023,49,60-79,7144.0,132.0,53461.0
2023,49,80+,14044.0,280.0,116191.0
2023,50,0-34,202.0,1.0,583.0
2023,50,35-59,1507.0,11.0,8592.0
2023,50,60-79,7003.0,127.0,53588.0
2023,50,80+,13816.0,299.0,116490.0
2023,51,0-34,188.0,3.0,586.0
2023,51,35-59,1465.0,23.0,8615.0
2023,51,60-79,7277.0,193.0,53781.0
2023,51,80+,13960.0,345.0,116835.0
2023,52,0-34,190.0,1.0,587.0
2023,52,35-59,1394.0,15.0,8630.0
2023,52,60-79,6743.0,80.0,53861.0
2023,52,80+,13495.0,157.0,116992.0
