Year,Week,Age,Value_Covid,Value_Covid_total
2020,11,00+,9,9
2020,11,00-04,0,0
2020,11,05-14,0,0
2020,11,15-34,0,0
2020,11,35-59,1,1
2020,11,60-79,5,5
2020,11,80+,3,3
2020,12,00+,48,57
2020,12,00-04,0,0
2020,12,05-14,0,0
2020,12,15-34,0,0
2020,12,35-59,0,1
2020,12,60-79,7,12
2020,12,80+,41,44
2020,13,00+,334,391
2020,13,00-04,0,0
2020,13,05-14,0,0
2020,13,15-34,1,1
2020,13,35-59,19,20
2020,13,60-79,106,118
2020,13,80+,208,252
2020,14,00+,935,1326
2020,14,00-04,0,0
2020,14,05-14,0,0
2020,14,15-34,1,2
2020,14,35-59,42,62
2020,14,60-79,319,437
2020,14,80+,573,825
2020,15,00+,1335,2661
2020,15,00-04,1,1
2020,15,05-14,0,0
2020,15,15-34,1,3
2020,15,35-59,63,125
2020,15,60-79,430,867
2020,15,80+,840,1665
2020,16,00+,1607,4268
2020,16,00-04,0,1
2020,16,05-14,0,0
2020,16,15-34,2,5
2020,16,35-59,60,185
2020,16,60-79,507,1374
2020,16,80+,1038,2703
2020,17,00+,1360,5628
2020,17,00-04,0,1
2020,17,05-14,0,0
2020,17,15-34,2,7
2020,17,35-59,42,227
2020,17,60-79,432,1806
2020,17,80+,884,3587
2020,18,00+,994,6622
2020,18,00-04,0,1
2020,18,05-14,0,0
2020,18,15-34,4,11
2020,18,35-59,53,280
2020,18,60-79,286,2092
2020,18,80+,651,4238
2020,19,00+,726,7348
2020,19,00-04,0,1
2020,19,05-14,0,0
2020,19,15-34,3,14
2020,19,35-59,29,309
2020,19,60-79,227,2319
2020,19,80+,467,4705
2020,20,00+,499,7847
2020,20,00-04,0,1
2020,20,05-14,0,0
2020,20,15-34,1,15
2020,20,35-59,23,332
2020,20,60-79,168,2487
2020,20,80+,307,5012
2020,21,00+,329,8176
2020,21,00-04,0,1
2020,21,05-14,0,0
2020,21,15-34,0,15
2020,21,35-59,19,351
2020,21,60-79,110,2597
2020,21,80+,200,5212
2020,22,00+,257,8433
2020,22,00-04,0,1
2020,22,05-14,0,0
2020,22,15-34,1,16
2020,22,35-59,14,365
2020,22,60-79,88,2685
2020,22,80+,154,5366
2020,23,00+,171,8604
2020,23,00-04,0,1
2020,23,05-14,0,0
2020,23,15-34,0,16
2020,23,35-59,10,375
2020,23,60-79,57,2742
2020,23,80+,104,5470
2020,24,00+,113,8717
2020,24,00-04,0,1
2020,24,05-14,0,0
2020,24,15-34,1,17
2020,24,35-59,11,386
2020,24,60-79,45,2787
2020,24,80+,56,5526
2020,25,00+,98,8815
2020,25,00-04,0,1
2020,25,05-14,0,0
2020,25,15-34,0,17
2020,25,35-59,5,391
2020,25,60-79,35,2822
2020,25,80+,58,5584
2020,26,00+,75,8890
2020,26,00-04,0,1
2020,26,05-14,0,0
2020,26,15-34,0,17
2020,26,35-59,9,400
2020,26,60-79,23,2845
2020,26,80+,43,5627
2020,27,00+,54,8944
2020,27,00-04,0,1
2020,27,05-14,0,0
2020,27,15-34,0,17
2020,27,35-59,4,404
2020,27,60-79,21,2866
2020,27,80+,29,5656
2020,28,00+,51,8995
2020,28,00-04,0,1
2020,28,05-14,0,0
2020,28,15-34,0,17
2020,28,35-59,5,409
2020,28,60-79,25,2891
2020,28,80+,21,5677
2020,29,00+,24,9019
2020,29,00-04,0,1
2020,29,05-14,0,0
2020,29,15-34,0,17
2020,29,35-59,0,409
2020,29,60-79,11,2902
2020,29,80+,13,5690
2020,30,00+,35,9054
2020,30,00-04,0,1
2020,30,05-14,0,0
2020,30,15-34,0,17
2020,30,35-59,7,416
2020,30,60-79,7,2909
2020,30,80+,21,5711
2020,31,00+,23,9077
2020,31,00-04,0,1
2020,31,05-14,0,0
2020,31,15-34,0,17
2020,31,35-59,1,417
2020,31,60-79,9,2918
2020,31,80+,13,5724
2020,32,00+,46,9123
2020,32,00-04,0,1
2020,32,05-14,0,0
2020,32,15-34,1,18
2020,32,35-59,1,418
2020,32,60-79,14,2932
2020,32,80+,30,5754
2020,33,00+,33,9156
2020,33,00-04,0,1
2020,33,05-14,0,0
2020,33,15-34,0,18
2020,33,35-59,2,420
2020,33,60-79,11,2943
2020,33,80+,20,5774
2020,34,00+,38,9194
2020,34,00-04,0,1
2020,34,05-14,0,0
2020,34,15-34,0,18
2020,34,35-59,4,424
2020,34,60-79,7,2950
2020,34,80+,27,5801
2020,35,00+,31,9225
2020,35,00-04,0,1
2020,35,05-14,0,0
2020,35,15-34,0,18
2020,35,35-59,3,427
2020,35,60-79,16,2966
2020,35,80+,12,5813
2020,36,00+,31,9256
2020,36,00-04,0,1
2020,36,05-14,0,0
2020,36,15-34,0,18
2020,36,35-59,5,432
2020,36,60-79,16,2982
2020,36,80+,10,5823
2020,37,00+,25,9281
2020,37,00-04,0,1
2020,37,05-14,0,0
2020,37,15-34,0,18
2020,37,35-59,4,436
2020,37,60-79,13,2995
2020,37,80+,8,5831
2020,38,00+,34,9315
2020,38,00-04,0,1
2020,38,05-14,0,0
2020,38,15-34,1,19
2020,38,35-59,5,441
2020,38,60-79,12,3007
2020,38,80+,16,5847
2020,39,00+,69,9384
2020,39,00-04,0,1
2020,39,05-14,0,0
2020,39,15-34,0,19
2020,39,35-59,3,444
2020,39,60-79,25,3032
2020,39,80+,41,5888
2020,40,00+,72,9456
2020,40,00-04,0,1
2020,40,05-14,0,0
2020,40,15-34,0,19
2020,40,35-59,7,451
2020,40,60-79,16,3048
2020,40,80+,49,5937
2020,41,00+,88,9544
2020,41,00-04,0,1
2020,41,05-14,0,0
2020,41,15-34,1,20
2020,41,35-59,6,457
2020,41,60-79,32,3080
2020,41,80+,49,5986
2020,42,00+,158,9702
2020,42,00-04,0,1
2020,42,05-14,0,0
2020,42,15-34,1,21
2020,42,35-59,8,465
2020,42,60-79,41,3121
2020,42,80+,108,6094
2020,43,00+,250,9952
2020,43,00-04,0,1
2020,43,05-14,0,0
2020,43,15-34,1,22
2020,43,35-59,6,471
2020,43,60-79,65,3186
2020,43,80+,178,6272
2020,44,00+,452,10404
2020,44,00-04,0,1
2020,44,05-14,1,1
2020,44,15-34,0,22
2020,44,35-59,17,488
2020,44,60-79,122,3308
2020,44,80+,312,6584
2020,45,00+,802,11206
2020,45,00-04,0,1
2020,45,05-14,0,1
2020,45,15-34,1,23
2020,45,35-59,33,521
2020,45,60-79,217,3525
2020,45,80+,551,7135
2020,46,00+,1198,12404
2020,46,00-04,0,1
2020,46,05-14,0,1
2020,46,15-34,1,24
2020,46,35-59,44,565
2020,46,60-79,303,3828
2020,46,80+,850,7985
2020,47,00+,1527,13931
2020,47,00-04,0,1
2020,47,05-14,0,1
2020,47,15-34,6,30
2020,47,35-59,49,614
2020,47,60-79,415,4243
2020,47,80+,1057,9042
2020,48,00+,2083,16014
2020,48,00-04,0,1
2020,48,05-14,0,1
2020,48,15-34,1,31
2020,48,35-59,76,690
2020,48,60-79,564,4807
2020,48,80+,1442,10484
2020,49,00+,2646,18660
2020,49,00-04,0,1
2020,49,05-14,0,1
2020,49,15-34,4,35
2020,49,35-59,63,753
2020,49,60-79,702,5509
2020,49,80+,1876,12360
2020,50,00+,2982,21642
2020,50,00-04,1,2
2020,50,05-14,1,2
2020,50,15-34,4,39
2020,50,35-59,85,838
2020,50,60-79,762,6271
2020,50,80+,2129,14489
2020,51,00+,4245,25887
2020,51,00-04,0,2
2020,51,05-14,2,4
2020,51,15-34,4,43
2020,51,35-59,118,956
2020,51,60-79,1077,7348
2020,51,80+,3044,17533
2020,52,00+,3703,29590
2020,52,00-04,0,2
2020,52,05-14,0,4
2020,52,15-34,5,48
2020,52,35-59,104,1060
2020,52,60-79,920,8268
2020,52,80+,2674,20207
2020,53,00+,4471,34061
2020,53,00-04,0,2
2020,53,05-14,0,4
2020,53,15-34,2,50
2020,53,35-59,124,1184
2020,53,60-79,1118,9386
2020,53,80+,3227,23434
2021,1,00+,6028,40089
2021,1,00-04,2,4
2021,1,05-14,0,4
2021,1,15-34,4,54
2021,1,35-59,157,1341
2021,1,60-79,1489,10875
2021,1,80+,4376,27810
2021,2,00+,6045,46134
2021,2,00-04,0,4
2021,2,05-14,0,4
2021,2,15-34,6,60
2021,2,35-59,149,1490
2021,2,60-79,1537,12412
2021,2,80+,4353,32163
2021,3,00+,5402,51536
2021,3,00-04,0,4
2021,3,05-14,0,4
2021,3,15-34,5,65
2021,3,35-59,177,1667
2021,3,60-79,1366,13778
2021,3,80+,3854,36017
2021,4,00+,5021,56557
2021,4,00-04,0,4
2021,4,05-14,0,4
2021,4,15-34,4,69
2021,4,35-59,116,1783
2021,4,60-79,1292,15070
2021,4,80+,3609,39626
2021,5,00+,4518,61075
2021,5,00-04,0,4
2021,5,05-14,0,4
2021,5,15-34,5,74
2021,5,35-59,141,1924
2021,5,60-79,1204,16274
2021,5,80+,3167,42793
2021,6,00+,3430,64505
2021,6,00-04,0,4
2021,6,05-14,0,4
2021,6,15-34,2,76
2021,6,35-59,104,2028
2021,6,60-79,937,17211
2021,6,80+,2386,45179
2021,7,00+,2934,67439
2021,7,00-04,0,4
2021,7,05-14,1,5
2021,7,15-34,4,80
2021,7,35-59,103,2131
2021,7,60-79,822,18033
2021,7,80+,2004,47183
2021,8,00+,2255,69694
2021,8,00-04,0,4
2021,8,05-14,0,5
2021,8,15-34,4,84
2021,8,35-59,70,2201
2021,8,60-79,636,18669
2021,8,80+,1545,48728
2021,9,00+,1856,71550
2021,9,00-04,0,4
2021,9,05-14,0,5
2021,9,15-34,1,85
2021,9,35-59,90,2291
2021,9,60-79,586,19255
2021,9,80+,1179,49907
2021,10,00+,1494,73044
2021,10,00-04,0,4
2021,10,05-14,0,5
2021,10,15-34,6,91
2021,10,35-59,56,2347
2021,10,60-79,476,19731
2021,10,80+,956,50863
2021,11,00+,1282,74326
2021,11,00-04,1,5
2021,11,05-14,0,5
2021,11,15-34,7,98
2021,11,35-59,75,2422
2021,11,60-79,431,20162
2021,11,80+,768,51631
2021,12,00+,1197,75523
2021,12,00-04,1,6
2021,12,05-14,0,5
2021,12,15-34,4,102
2021,12,35-59,82,2504
2021,12,60-79,421,20583
2021,12,80+,689,52320
2021,13,00+,1088,76611
2021,13,00-04,0,6
2021,13,05-14,0,5
2021,13,15-34,5,107
2021,13,35-59,71,2575
2021,13,60-79,365,20948
2021,13,80+,647,52967
2021,14,00+,1384,77995
2021,14,00-04,0,6
2021,14,05-14,0,5
2021,14,15-34,7,114
2021,14,35-59,117,2692
2021,14,60-79,531,21479
2021,14,80+,729,53696
2021,15,00+,1553,79548
2021,15,00-04,0,6
2021,15,05-14,0,5
2021,15,15-34,6,120
2021,15,35-59,113,2805
2021,15,60-79,637,22116
2021,15,80+,797,54493
2021,16,00+,1656,81204
2021,16,00-04,0,6
2021,16,05-14,0,5
2021,16,15-34,6,126
2021,16,35-59,150,2955
2021,16,60-79,704,22820
2021,16,80+,796,55289
2021,17,00+,1629,82833
2021,17,00-04,0,6
2021,17,05-14,0,5
2021,17,15-34,8,134
2021,17,35-59,128,3083
2021,17,60-79,749,23569
2021,17,80+,743,56032
2021,18,00+,1601,84434
2021,18,00-04,1,7
2021,18,05-14,0,5
2021,18,15-34,10,144
2021,18,35-59,145,3228
2021,18,60-79,680,24249
2021,18,80+,765,56797
2021,19,00+,1333,85767
2021,19,00-04,0,7
2021,19,05-14,1,6
2021,19,15-34,8,152
2021,19,35-59,129,3357
2021,19,60-79,578,24827
2021,19,80+,617,57414
2021,20,00+,1296,87063
2021,20,00-04,1,8
2021,20,05-14,0,6
2021,20,15-34,7,159
2021,20,35-59,139,3496
2021,20,60-79,608,25435
2021,20,80+,541,57955
2021,21,00+,1036,88099
2021,21,00-04,0,8
2021,21,05-14,0,6
2021,21,15-34,7,166
2021,21,35-59,107,3603
2021,21,60-79,465,25900
2021,21,80+,457,58412
2021,22,00+,825,88924
2021,22,00-04,0,8
2021,22,05-14,0,6
2021,22,15-34,5,171
2021,22,35-59,83,3686
2021,22,60-79,364,26264
2021,22,80+,373,58785
2021,23,00+,626,89550
2021,23,00-04,0,8
2021,23,05-14,0,6
2021,23,15-34,3,174
2021,23,35-59,73,3759
2021,23,60-79,278,26542
2021,23,80+,272,59057
2021,24,00+,551,90101
2021,24,00-04,1,9
2021,24,05-14,0,6
2021,24,15-34,4,178
2021,24,35-59,62,3821
2021,24,60-79,219,26761
2021,24,80+,265,59322
2021,25,00+,371,90472
2021,25,00-04,1,10
2021,25,05-14,0,6
2021,25,15-34,3,181
2021,25,35-59,42,3863
2021,25,60-79,168,26929
2021,25,80+,157,59479
2021,26,00+,280,90752
2021,26,00-04,0,10
2021,26,05-14,0,6
2021,26,15-34,0,181
2021,26,35-59,36,3899
2021,26,60-79,127,27056
2021,26,80+,117,59596
2021,27,00+,208,90960
2021,27,00-04,0,10
2021,27,05-14,0,6
2021,27,15-34,2,183
2021,27,35-59,31,3930
2021,27,60-79,90,27146
2021,27,80+,85,59681
2021,28,00+,134,91094
2021,28,00-04,0,10
2021,28,05-14,0,6
2021,28,15-34,0,183
2021,28,35-59,21,3951
2021,28,60-79,65,27211
2021,28,80+,48,59729
2021,29,00+,165,91259
2021,29,00-04,0,10
2021,29,05-14,0,6
2021,29,15-34,1,184
2021,29,35-59,20,3971
2021,29,60-79,59,27270
2021,29,80+,85,59814
2021,30,00+,137,91396
2021,30,00-04,0,10
2021,30,05-14,0,6
2021,30,15-34,1,185
2021,30,35-59,27,3998
2021,30,60-79,57,27327
2021,30,80+,52,59866
2021,31,00+,120,91516
2021,31,00-04,0,10
2021,31,05-14,0,6
2021,31,15-34,1,186
2021,31,35-59,10,4008
2021,31,60-79,46,27373
2021,31,80+,63,59929
2021,32,00+,93,91609
2021,32,00-04,0,10
2021,32,05-14,0,6
2021,32,15-34,1,187
2021,32,35-59,8,4016
2021,32,60-79,43,27416
2021,32,80+,41,59970
2021,33,00+,116,91725
2021,33,00-04,0,10
2021,33,05-14,0,6
2021,33,15-34,0,187
2021,33,35-59,15,4031
2021,33,60-79,47,27463
2021,33,80+,54,60024
2021,34,00+,155,91880
2021,34,00-04,1,11
2021,34,05-14,0,6
2021,34,15-34,3,190
2021,34,35-59,17,4048
2021,34,60-79,60,27523
2021,34,80+,74,60098
2021,35,00+,238,92118
2021,35,00-04,1,12
2021,35,05-14,0,6
2021,35,15-34,1,191
2021,35,35-59,32,4080
2021,35,60-79,76,27599
2021,35,80+,128,60226
2021,36,00+,273,92391
2021,36,00-04,0,12
2021,36,05-14,1,7
2021,36,15-34,2,193
2021,36,35-59,43,4123
2021,36,60-79,84,27683
2021,36,80+,143,60369
2021,37,00+,392,92783
2021,37,00-04,0,12
2021,37,05-14,0,7
2021,37,15-34,7,200
2021,37,35-59,49,4172
2021,37,60-79,130,27813
2021,37,80+,206,60575
2021,38,00+,382,93165
2021,38,00-04,0,12
2021,38,05-14,0,7
2021,38,15-34,4,204
2021,38,35-59,53,4225
2021,38,60-79,132,27945
2021,38,80+,193,60768
2021,39,00+,393,93558
2021,39,00-04,0,12
2021,39,05-14,0,7
2021,39,15-34,9,213
2021,39,35-59,44,4269
2021,39,60-79,143,28088
2021,39,80+,197,60965
2021,40,00+,412,93970
2021,40,00-04,0,12
2021,40,05-14,0,7
2021,40,15-34,4,217
2021,40,35-59,49,4318
2021,40,60-79,140,28228
2021,40,80+,219,61184
2021,41,00+,418,94388
2021,41,00-04,0,12
2021,41,05-14,0,7
2021,41,15-34,3,220
2021,41,35-59,48,4366
2021,41,60-79,137,28365
2021,41,80+,230,61414
2021,42,00+,492,94880
2021,42,00-04,1,13
2021,42,05-14,0,7
2021,42,15-34,3,223
2021,42,35-59,42,4408
2021,42,60-79,142,28507
2021,42,80+,304,61718
2021,43,00+,626,95506
2021,43,00-04,0,13
2021,43,05-14,1,8
2021,43,15-34,7,230
2021,43,35-59,41,4449
2021,43,60-79,188,28695
2021,43,80+,389,62107
2021,44,00+,794,96300
2021,44,00-04,0,13
2021,44,05-14,2,10
2021,44,15-34,6,236
2021,44,35-59,60,4509
2021,44,60-79,237,28932
2021,44,80+,489,62596
2021,45,00+,1146,97446
2021,45,00-04,0,13
2021,45,05-14,1,11
2021,45,15-34,4,240
2021,45,35-59,77,4586
2021,45,60-79,307,29239
2021,45,80+,757,63353
2021,46,00+,1383,98829
2021,46,00-04,0,13
2021,46,05-14,2,13
2021,46,15-34,6,246
2021,46,35-59,93,4679
2021,46,60-79,421,29660
2021,46,80+,860,64213
2021,47,00+,1801,100630
2021,47,00-04,0,13
2021,47,05-14,0,13
2021,47,15-34,9,255
2021,47,35-59,113,4792
2021,47,60-79,557,30217
2021,47,80+,1122,65335
2021,48,00+,2156,102786
2021,48,00-04,0,13
2021,48,05-14,0,13
2021,48,15-34,6,261
2021,48,35-59,153,4945
2021,48,60-79,676,30893
2021,48,80+,1321,66656
2021,49,00+,2594,105380
2021,49,00-04,1,14
2021,49,05-14,1,14
2021,49,15-34,12,273
2021,49,35-59,173,5118
2021,49,60-79,821,31714
2021,49,80+,1586,68242
2021,50,00+,2596,107976
2021,50,00-04,1,15
2021,50,05-14,0,14
2021,50,15-34,10,283
2021,50,35-59,220,5338
2021,50,60-79,922,32636
2021,50,80+,1443,69685
2021,51,00+,2120,110096
2021,51,00-04,0,15
2021,51,05-14,1,15
2021,51,15-34,8,291
2021,51,35-59,163,5501
2021,51,60-79,743,33379
2021,51,80+,1205,70890
2021,52,00+,1785,111881
2021,52,00-04,0,15
2021,52,05-14,0,15
2021,52,15-34,7,298
2021,52,35-59,144,5645
2021,52,60-79,692,34071
2021,52,80+,942,71832
2022,1,00+,1820,113701
2022,1,00-04,0,15
2022,1,05-14,0,15
2022,1,15-34,7,305
2022,1,35-59,154,5799
2022,1,60-79,625,34696
2022,1,80+,1034,72866
2022,2,00+,1633,115334
2022,2,00-04,2,17
2022,2,05-14,1,16
2022,2,15-34,8,313
2022,2,35-59,133,5932
2022,2,60-79,594,35290
2022,2,80+,895,73761
2022,3,00+,1077,116411
2022,3,00-04,1,18
2022,3,05-14,1,17
2022,3,15-34,5,318
2022,3,35-59,99,6031
2022,3,60-79,418,35708
2022,3,80+,553,74314
2022,4,00+,1005,117416
2022,4,00-04,0,18
2022,4,05-14,0,17
2022,4,15-34,5,323
2022,4,35-59,91,6122
2022,4,60-79,329,36037
2022,4,80+,579,74893
2022,5,00+,973,118389
2022,5,00-04,0,18
2022,5,05-14,1,18
2022,5,15-34,5,328
2022,5,35-59,87,6209
2022,5,60-79,323,36360
2022,5,80+,557,75450
2022,6,00+,1221,119610
2022,6,00-04,3,21
2022,6,05-14,1,19
2022,6,15-34,4,332
2022,6,35-59,79,6288
2022,6,60-79,376,36736
2022,6,80+,758,76208
2022,7,00+,1352,120962
2022,7,00-04,1,22
2022,7,05-14,0,19
2022,7,15-34,5,337
2022,7,35-59,77,6365
2022,7,60-79,378,37114
2022,7,80+,891,77099
2022,8,00+,1398,122360
2022,8,00-04,1,23
2022,8,05-14,2,21
2022,8,15-34,0,337
2022,8,35-59,62,6427
2022,8,60-79,403,37517
2022,8,80+,929,78028
2022,9,00+,1424,123784
2022,9,00-04,0,23
2022,9,05-14,1,22
2022,9,15-34,3,340
2022,9,35-59,68,6495
2022,9,60-79,403,37920
2022,9,80+,949,78977
2022,10,00+,1471,125255
2022,10,00-04,0,23
2022,10,05-14,0,22
2022,10,15-34,5,345
2022,10,35-59,71,6566
2022,10,60-79,387,38307
2022,10,80+,1008,79985
2022,11,00+,1331,126586
2022,11,00-04,1,24
2022,11,05-14,0,22
2022,11,15-34,6,351
2022,11,35-59,44,6610
2022,11,60-79,379,38686
2022,11,80+,901,80886
2022,12,00+,1522,128108
2022,12,00-04,0,24
2022,12,05-14,0,22
2022,12,15-34,3,354
2022,12,35-59,56,6666
2022,12,60-79,405,39091
2022,12,80+,1058,81944
2022,13,00+,1584,129692
2022,13,00-04,1,25
2022,13,05-14,1,23
2022,13,15-34,4,358
2022,13,35-59,73,6739
2022,13,60-79,435,39526
2022,13,80+,1069,83013
2022,14,00+,1662,131354
2022,14,00-04,0,25
2022,14,05-14,2,25
2022,14,15-34,5,363
2022,14,35-59,64,6803
2022,14,60-79,489,40015
2022,14,80+,1102,84115
2022,15,00+,1236,132590
2022,15,00-04,2,27
2022,15,05-14,1,26
2022,15,15-34,6,369
2022,15,35-59,53,6856
2022,15,60-79,331,40346
2022,15,80+,843,84958
2022,16,00+,1232,133822
2022,16,00-04,0,27
2022,16,05-14,0,26
2022,16,15-34,0,369
2022,16,35-59,62,6918
2022,16,60-79,341,40687
2022,16,80+,829,85787
2022,17,00+,1285,135107
2022,17,00-04,0,27
2022,17,05-14,1,27
2022,17,15-34,0,369
2022,17,35-59,64,6982
2022,17,60-79,331,41018
2022,17,80+,889,86676
2022,18,00+,1080,136187
2022,18,00-04,0,27
2022,18,05-14,0,27
2022,18,15-34,4,373
2022,18,35-59,46,7028
2022,18,60-79,294,41312
2022,18,80+,736,87412
2022,19,00+,963,137150
2022,19,00-04,2,29
2022,19,05-14,0,27
2022,19,15-34,4,377
2022,19,35-59,51,7079
2022,19,60-79,262,41574
2022,19,80+,644,88056
2022,20,00+,835,137985
2022,20,00-04,0,29
2022,20,05-14,1,28
2022,20,15-34,3,380
2022,20,35-59,42,7121
2022,20,60-79,227,41801
2022,20,80+,562,88618
2022,21,00+,550,138535
2022,21,00-04,0,29
2022,21,05-14,0,28
2022,21,15-34,3,383
2022,21,35-59,21,7142
2022,21,60-79,180,41981
2022,21,80+,346,88964
2022,22,00+,523,139058
2022,22,00-04,0,29
2022,22,05-14,0,28
2022,22,15-34,2,385
2022,22,35-59,25,7167
2022,22,60-79,165,42146
2022,22,80+,330,89294
2022,23,00+,415,139473
2022,23,00-04,2,31
2022,23,05-14,1,29
2022,23,15-34,2,387
2022,23,35-59,18,7185
2022,23,60-79,129,42275
2022,23,80+,263,89557
2022,24,00+,378,139851
2022,24,00-04,0,31
2022,24,05-14,0,29
2022,24,15-34,2,389
2022,24,35-59,23,7208
2022,24,60-79,125,42400
2022,24,80+,228,89785
2022,25,00+,562,140413
2022,25,00-04,1,32
2022,25,05-14,0,29
2022,25,15-34,2,391
2022,25,35-59,29,7237
2022,25,60-79,179,42579
2022,25,80+,351,90136
2022,26,00+,562,140975
2022,26,00-04,1,33
2022,26,05-14,0,29
2022,26,15-34,3,394
2022,26,35-59,19,7256
2022,26,60-79,178,42757
2022,26,80+,361,90497
2022,27,00+,569,141544
2022,27,00-04,0,33
2022,27,05-14,0,29
2022,27,15-34,0,394
2022,27,35-59,26,7282
2022,27,60-79,174,42931
2022,27,80+,369,90866
2022,28,00+,662,142206
2022,28,00-04,2,35
2022,28,05-14,0,29
2022,28,15-34,3,397
2022,28,35-59,28,7310
2022,28,60-79,186,43117
2022,28,80+,443,91309
2022,29,00+,674,142880
2022,29,00-04,0,35
2022,29,05-14,1,30
2022,29,15-34,4,401
2022,29,35-59,29,7339
2022,29,60-79,189,43306
2022,29,80+,451,91760
2022,30,00+,800,143680
2022,30,00-04,0,35
2022,30,05-14,0,30
2022,30,15-34,5,406
2022,30,35-59,24,7363
2022,30,60-79,222,43528
2022,30,80+,549,92309
2022,31,00+,888,144568
2022,31,00-04,0,35
2022,31,05-14,1,31
2022,31,15-34,3,409
2022,31,35-59,29,7392
2022,31,60-79,244,43772
2022,31,80+,611,92920
2022,32,00+,844,145412
2022,32,00-04,0,35
2022,32,05-14,0,31
2022,32,15-34,2,411
2022,32,35-59,20,7412
2022,32,60-79,229,44001
2022,32,80+,593,93513
2022,33,00+,863,146275
2022,33,00-04,0,35
2022,33,05-14,1,32
2022,33,15-34,1,412
2022,33,35-59,25,7437
2022,33,60-79,241,44242
2022,33,80+,595,94108
2022,34,00+,604,146879
2022,34,00-04,1,36
2022,34,05-14,0,32
2022,34,15-34,2,414
2022,34,35-59,19,7456
2022,34,60-79,166,44408
2022,34,80+,416,94524
2022,35,00+,654,147533
2022,35,00-04,0,36
2022,35,05-14,0,32
2022,35,15-34,3,417
2022,35,35-59,30,7486
2022,35,60-79,182,44590
2022,35,80+,439,94963
2022,36,00+,546,148079
2022,36,00-04,0,36
2022,36,05-14,0,32
2022,36,15-34,2,419
2022,36,35-59,20,7506
2022,36,60-79,164,44754
2022,36,80+,360,95323
2022,37,00+,642,148721
2022,37,00-04,1,37
2022,37,05-14,0,32
2022,37,15-34,4,423
2022,37,35-59,29,7535
2022,37,60-79,187,44941
2022,37,80+,421,95744
2022,38,00+,527,149248
2022,38,00-04,0,37
2022,38,05-14,0,32
2022,38,15-34,3,426
2022,38,35-59,24,7559
2022,38,60-79,144,45085
2022,38,80+,356,96100
2022,39,00+,607,149855
2022,39,00-04,0,37
2022,39,05-14,0,32
2022,39,15-34,0,426
2022,39,35-59,18,7577
2022,39,60-79,167,45252
2022,39,80+,422,96522
2022,40,00+,474,150329
2022,40,00-04,1,38
2022,40,05-14,0,32
2022,40,15-34,0,426
2022,40,35-59,17,7594
2022,40,60-79,122,45374
2022,40,80+,334,96856
2022,41,00+,894,151223
2022,41,00-04,0,38
2022,41,05-14,0,32
2022,41,15-34,3,429
2022,41,35-59,28,7622
2022,41,60-79,234,45608
2022,41,80+,629,97485
2022,42,00+,1067,152290
2022,42,00-04,0,38
2022,42,05-14,0,32
2022,42,15-34,4,433
2022,42,35-59,35,7657
2022,42,60-79,297,45905
2022,42,80+,731,98216
2022,43,00+,1085,153375
2022,43,00-04,1,39
2022,43,05-14,1,33
2022,43,15-34,3,436
2022,43,35-59,37,7694
2022,43,60-79,287,46192
2022,43,80+,756,98972
2022,44,00+,990,154365
2022,44,00-04,0,39
2022,44,05-14,2,35
2022,44,15-34,1,437
2022,44,35-59,26,7720
2022,44,60-79,288,46480
2022,44,80+,673,99645
2022,45,00+,1059,155424
2022,45,00-04,0,39
2022,45,05-14,0,35
2022,45,15-34,2,439
2022,45,35-59,34,7754
2022,45,60-79,291,46771
2022,45,80+,732,100377
2022,46,00+,1043,156467
2022,46,00-04,1,40
2022,46,05-14,1,36
2022,46,15-34,2,441
2022,46,35-59,27,7781
2022,46,60-79,280,47051
2022,46,80+,731,101108
2022,47,00+,881,157348
2022,47,00-04,1,41
2022,47,05-14,0,36
2022,47,15-34,1,442
2022,47,35-59,34,7815
2022,47,60-79,224,47275
2022,47,80+,621,101729
2022,48,00+,696,158044
2022,48,00-04,0,41
2022,48,05-14,1,37
2022,48,15-34,1,443
2022,48,35-59,26,7841
2022,48,60-79,200,47475
2022,48,80+,468,102197
2022,49,00+,780,158824
2022,49,00-04,0,41
2022,49,05-14,0,37
2022,49,15-34,0,443
2022,49,35-59,16,7857
2022,49,60-79,207,47682
2022,49,80+,557,102754
2022,50,00+,928,159752
2022,50,00-04,0,41
2022,50,05-14,0,37
2022,50,15-34,2,445
2022,50,35-59,36,7893
2022,50,60-79,254,47936
2022,50,80+,636,103390
2022,51,00+,874,160626
2022,51,00-04,1,42
2022,51,05-14,0,37
2022,51,15-34,3,448
2022,51,35-59,39,7932
2022,51,60-79,237,48173
2022,51,80+,594,103984
2022,52,00+,699,161325
2022,52,00-04,1,43
2022,52,05-14,0,37
2022,52,15-34,0,448
2022,52,35-59,18,7950
2022,52,60-79,196,48369
2022,52,80+,484,104468
2023,1,00+,1222,162547
2023,1,00-04,0,43
2023,1,05-14,0,37
2023,1,15-34,2,450
2023,1,35-59,46,7996
2023,1,60-79,343,48712
2023,1,80+,831,105299
2023,2,00+,1087,163634
2023,2,00-04,1,44
2023,2,05-14,0,37
2023,2,15-34,4,454
2023,2,35-59,44,8040
2023,2,60-79,291,49003
2023,2,80+,746,106045
2023,3,00+,929,164563
2023,3,00-04,1,45
2023,3,05-14,0,37
2023,3,15-34,0,454
2023,3,35-59,39,8079
2023,3,60-79,248,49251
2023,3,80+,641,106686
2023,4,00+,747,165310
2023,4,00-04,0,45
2023,4,05-14,0,37
2023,4,15-34,3,457
2023,4,35-59,28,8107
2023,4,60-79,224,49475
2023,4,80+,492,107178
2023,5,00+,681,165991
2023,5,00-04,0,45
2023,5,05-14,0,37
2023,5,15-34,1,458
2023,5,35-59,33,8140
2023,5,60-79,227,49702
2023,5,80+,420,107598
2023,6,00+,631,166622
2023,6,00-04,1,46
2023,6,05-14,0,37
2023,6,15-34,1,459
2023,6,35-59,24,8164
2023,6,60-79,176,49878
2023,6,80+,429,108027
2023,7,00+,542,167164
2023,7,00-04,0,46
2023,7,05-14,0,37
2023,7,15-34,2,461
2023,7,35-59,23,8187
2023,7,60-79,148,50026
2023,7,80+,369,108396
2023,8,00+,527,167691
2023,8,00-04,0,46
2023,8,05-14,0,37
2023,8,15-34,3,464
2023,8,35-59,19,8206
2023,8,60-79,146,50172
2023,8,80+,359,108755
2023,9,00+,582,168273
2023,9,00-04,1,47
2023,9,05-14,0,37
2023,9,15-34,1,465
2023,9,35-59,25,8231
2023,9,60-79,161,50333
2023,9,80+,394,109149
2023,10,00+,654,168927
2023,10,00-04,1,48
2023,10,05-14,0,37
2023,10,15-34,0,465
2023,10,35-59,22,8253
2023,10,60-79,166,50499
2023,10,80+,465,109614
2023,11,00+,607,169534
2023,11,00-04,2,50
2023,11,05-14,0,37
2023,11,15-34,1,466
2023,11,35-59,15,8268
2023,11,60-79,184,50683
2023,11,80+,405,110019
2023,12,00+,684,170218
2023,12,00-04,1,51
2023,12,05-14,3,40
2023,12,15-34,1,467
2023,12,35-59,18,8286
2023,12,60-79,218,50901
2023,12,80+,443,110462
2023,13,00+,634,170852
2023,13,00-04,0,51
2023,13,05-14,0,40
2023,13,15-34,0,467
2023,13,35-59,25,8311
2023,13,60-79,148,51049
2023,13,80+,461,110923
2023,14,00+,444,171296
2023,14,00-04,0,51
2023,14,05-14,0,40
2023,14,15-34,2,469
2023,14,35-59,15,8326
2023,14,60-79,154,51203
2023,14,80+,273,111196
2023,15,00+,572,171868
2023,15,00-04,0,51
2023,15,05-14,0,40
2023,15,15-34,1,470
2023,15,35-59,19,8345
2023,15,60-79,159,51362
2023,15,80+,393,111589
2023,16,00+,538,172406
2023,16,00-04,0,51
2023,16,05-14,0,40
2023,16,15-34,0,470
2023,16,35-59,22,8367
2023,16,60-79,138,51500
2023,16,80+,377,111966
2023,17,00+,515,172921
2023,17,00-04,0,51
2023,17,05-14,0,40
2023,17,15-34,0,470
2023,17,35-59,24,8391
2023,17,60-79,145,51645
2023,17,80+,346,112312
2023,18,00+,361,173282
2023,18,00-04,0,51
2023,18,05-14,0,40
2023,18,15-34,0,470
2023,18,35-59,14,8405
2023,18,60-79,121,51766
2023,18,80+,226,112538
2023,19,00+,421,173703
2023,19,00-04,0,51
2023,19,05-14,0,40
2023,19,15-34,1,471
2023,19,35-59,14,8419
2023,19,60-79,135,51901
2023,19,80+,271,112809
2023,20,00+,198,173901
2023,20,00-04,0,51
2023,20,05-14,0,40
2023,20,15-34,0,471
2023,20,35-59,7,8426
2023,20,60-79,64,51965
2023,20,80+,127,112936
2023,21,00+,244,174145
2023,21,00-04,0,51
2023,21,05-14,0,40
2023,21,15-34,0,471
2023,21,35-59,5,8431
2023,21,60-79,80,52045
2023,21,80+,159,113095
2023,22,00+,149,174294
2023,22,00-04,0,51
2023,22,05-14,0,40
2023,22,15-34,0,471
2023,22,35-59,6,8437
2023,22,60-79,42,52087
2023,22,80+,101,113196
2023,23,00+,129,174423
2023,23,00-04,0,51
2023,23,05-14,0,40
2023,23,15-34,0,471
2023,23,35-59,5,8442
2023,23,60-79,55,52142
2023,23,80+,69,113265
2023,24,00+,168,174591
2023,24,00-04,0,51
2023,24,05-14,0,40
2023,24,15-34,0,471
2023,24,35-59,7,8449
2023,24,60-79,62,52204
2023,24,80+,99,113364
2023,25,00+,124,174715
2023,25,00-04,0,51
2023,25,05-14,0,40
2023,25,15-34,0,471
2023,25,35-59,5,8454
2023,25,60-79,41,52245
2023,25,80+,78,113442
2023,26,00+,154,174869
2023,26,00-04,0,51
2023,26,05-14,0,40
2023,26,15-34,1,472
2023,26,35-59,6,8460
2023,26,60-79,45,52290
2023,26,80+,102,113544
2023,27,00+,90,174959
2023,27,00-04,0,51
2023,27,05-14,0,40
2023,27,15-34,0,472
2023,27,35-59,6,8466
2023,27,60-79,26,52316
2023,27,80+,58,113602
2023,28,00+,86,175045
2023,28,00-04,0,51
2023,28,05-14,0,40
2023,28,15-34,0,472
2023,28,35-59,5,8471
2023,28,60-79,25,52341
2023,28,80+,56,113658
2023,29,00+,79,175124
2023,29,00-04,0,51
2023,29,05-14,0,40
2023,29,15-34,1,473
2023,29,35-59,3,8474
2023,29,60-79,32,52373
2023,29,80+,43,113701
2023,30,00+,70,175194
2023,30,00-04,0,51
2023,30,05-14,0,40
2023,30,15-34,1,474
2023,30,35-59,2,8476
2023,30,60-79,24,52397
2023,30,80+,43,113744
2023,31,00+,63,175257
2023,31,00-04,0,51
2023,31,05-14,0,40
2023,31,15-34,0,474
2023,31,35-59,3,8479
2023,31,60-79,20,52417
2023,31,80+,40,113784
2023,32,00+,35,175292
2023,32,00-04,0,51
2023,32,05-14,0,40
2023,32,15-34,0,474
2023,32,35-59,0,8479
2023,32,60-79,10,52427
2023,32,80+,25,113809
2023,33,00+,42,175334
2023,33,00-04,0,51
2023,33,05-14,0,40
2023,33,15-34,0,474
2023,33,35-59,2,8481
2023,33,60-79,12,52439
2023,33,80+,28,113837
2023,34,00+,41,175375
2023,34,00-04,0,51
2023,34,05-14,0,40
2023,34,15-34,0,474
2023,34,35-59,2,8483
2023,34,60-79,15,52454
2023,34,80+,24,113861
2023,35,00+,122,175497
2023,35,00-04,0,51
2023,35,05-14,0,40
2023,35,15-34,1,475
2023,35,35-59,2,8485
2023,35,60-79,28,52482
2023,35,80+,91,113952
2023,36,00+,88,175585
2023,36,00-04,0,51
2023,36,05-14,0,40
2023,36,15-34,1,476
2023,36,35-59,2,8487
2023,36,60-79,29,52511
2023,36,80+,56,114008
2023,37,00+,222,175807
2023,37,00-04,0,51
2023,37,05-14,0,40
2023,37,15-34,3,479
2023,37,35-59,11,8498
2023,37,60-79,72,52583
2023,37,80+,136,114144
2023,38,00+,129,175936
2023,38,00-04,0,51
2023,38,05-14,0,40
2023,38,15-34,0,479
2023,38,35-59,6,8504
2023,38,60-79,34,52617
2023,38,80+,89,114233
2023,39,00+,116,176052
2023,39,00-04,0,51
2023,39,05-14,0,40
2023,39,15-34,1,480
2023,39,35-59,2,8506
2023,39,60-79,34,52651
2023,39,80+,79,114312
2023,40,00+,101,176153
2023,40,00-04,0,51
2023,40,05-14,0,40
2023,40,15-34,0,480
2023,40,35-59,1,8507
2023,40,60-79,33,52684
2023,40,80+,67,114379
2023,41,00+,149,176302
2023,41,00-04,0,51
2023,41,05-14,0,40
2023,41,15-34,1,481
2023,41,35-59,3,8510
2023,41,60-79,44,52728
2023,41,80+,101,114480
2023,42,00+,179,176481
2023,42,00-04,0,51
2023,42,05-14,0,40
2023,42,15-34,0,481
2023,42,35-59,5,8515
2023,42,60-79,44,52772
2023,42,80+,130,114610
2023,43,00+,224,176705
2023,43,00-04,0,51
2023,43,05-14,0,40
2023,43,15-34,0,481
2023,43,35-59,5,8520
2023,43,60-79,51,52823
2023,43,80+,168,114778
2023,44,00+,241,176946
2023,44,00-04,0,51
2023,44,05-14,0,40
2023,44,15-34,1,482
2023,44,35-59,9,8529
2023,44,60-79,69,52892
2023,44,80+,162,114940
2023,45,00+,373,177319
2023,45,00-04,0,51
2023,45,05-14,0,40
2023,45,15-34,1,483
2023,45,35-59,12,8541
2023,45,60-79,120,53012
2023,45,80+,240,115180
2023,46,00+,376,177695
2023,46,00-04,0,51
2023,46,05-14,1,41
2023,46,15-34,1,484
2023,46,35-59,8,8549
2023,46,60-79,91,53103
2023,46,80+,275,115455
2023,47,00+,347,178042
2023,47,00-04,0,51
2023,47,05-14,0,41
2023,47,15-34,1,485
2023,47,35-59,14,8563
2023,47,60-79,107,53210
2023,47,80+,225,115680
2023,48,00+,363,178405
2023,48,00-04,1,52
2023,48,05-14,0,41
2023,48,15-34,3,488
2023,48,35-59,9,8572
2023,48,60-79,119,53329
2023,48,80+,231,115911
2023,49,00+,422,178827
2023,49,00-04,1,53
2023,49,05-14,0,41
2023,49,15-34,0,488
2023,49,35-59,9,8581
2023,49,60-79,132,53461
2023,49,80+,280,116191
2023,50,00+,438,179265
2023,50,00-04,1,54
2023,50,05-14,0,41
2023,50,15-34,0,488
2023,50,35-59,11,8592
2023,50,60-79,127,53588
2023,50,80+,299,116490
2023,51,00+,564,179829
2023,51,00-04,0,54
2023,51,05-14,0,41
2023,51,15-34,3,491
2023,51,35-59,23,8615
2023,51,60-79,193,53781
2023,51,80+,345,116835
2023,52,00+,253,180082
2023,52,00-04,0,54
2023,52,05-14,0,41
2023,52,15-34,1,492
2023,52,35-59,15,8630
2023,52,60-79,80,53861
2023,52,80+,157,116992
2024,1,00+,479,180561
2024,1,00-04,1,55
2024,1,05-14,1,42
2024,1,15-34,1,493
2024,1,35-59,19,8649
2024,1,60-79,162,54023
2024,1,80+,294,117286
2024,2,00+,460,181021
2024,2,00-04,1,56
2024,2,05-14,0,42
2024,2,15-34,0,493
2024,2,35-59,12,8661
2024,2,60-79,145,54168
2024,2,80+,302,117588
2024,3,00+,377,181398
2024,3,00-04,1,57
2024,3,05-14,0,42
2024,3,15-34,1,494
2024,3,35-59,16,8677
2024,3,60-79,123,54291
2024,3,80+,236,117824
2024,4,00+,274,181672
2024,4,00-04,0,57
2024,4,05-14,1,43
2024,4,15-34,0,494
2024,4,35-59,9,8686
2024,4,60-79,87,54378
2024,4,80+,177,118001
2024,5,00+,259,181931
2024,5,00-04,0,57
2024,5,05-14,0,43
2024,5,15-34,0,494
2024,5,35-59,12,8698
2024,5,60-79,77,54455
2024,5,80+,170,118171
2024,6,00+,258,182189
2024,6,00-04,0,57
2024,6,05-14,0,43
2024,6,15-34,0,494
2024,6,35-59,9,8707
2024,6,60-79,80,54535
2024,6,80+,169,118340
2024,7,00+,160,182349
2024,7,00-04,0,57
2024,7,05-14,1,44
2024,7,15-34,0,494
2024,7,35-59,5,8712
2024,7,60-79,50,54585
2024,7,80+,104,118444
2024,8,00+,165,182514
2024,8,00-04,0,57
2024,8,05-14,0,44
2024,8,15-34,0,494
2024,8,35-59,10,8722
2024,8,60-79,63,54648
2024,8,80+,92,118536
2024,9,00+,107,182621
2024,9,00-04,0,57
2024,9,05-14,1,45
2024,9,15-34,0,494
2024,9,35-59,5,8727
2024,9,60-79,29,54677
2024,9,80+,72,118608
2024,10,00+,86,182707
2024,10,00-04,0,57
2024,10,05-14,0,45
2024,10,15-34,0,494
2024,10,35-59,5,8732
2024,10,60-79,24,54701
2024,10,80+,57,118665
2024,11,00+,94,182801
2024,11,00-04,0,57
2024,11,05-14,0,45
2024,11,15-34,0,494
2024,11,35-59,4,8736
2024,11,60-79,32,54733
2024,11,80+,58,118723
2024,12,00+,64,182865
2024,12,00-04,0,57
2024,12,05-14,0,45
2024,12,15-34,0,494
2024,12,35-59,4,8740
2024,12,60-79,21,54754
2024,12,80+,39,118762
2024,13,00+,50,182915
2024,13,00-04,0,57
2024,13,05-14,0,45
2024,13,15-34,0,494
2024,13,35-59,3,8743
2024,13,60-79,17,54771
2024,13,80+,30,118792
2024,14,00+,66,182981
2024,14,00-04,0,57
2024,14,05-14,0,45
2024,14,15-34,0,494
2024,14,35-59,6,8749
2024,14,60-79,20,54791
2024,14,80+,40,118832
